number,value,datetime_start,datetime_complete,duration,params_dim_n_components,params_xgb_alpha,params_xgb_colsample_bynode,params_xgb_lambda,params_xgb_learning_rate,params_xgb_max_depth,params_xgb_min_child_weight,params_xgb_min_split_loss,params_xgb_subsample,user_attrs_f1_discrepancy,user_attrs_hyperparameters,user_attrs_model_dim,user_attrs_model_xgb,state
0,0.686807,2025-08-10 21:38:40.420490,2025-08-10 21:39:28.392745,0 days 00:00:47.972255,400,14.016725176148132,0.19361118426546192,17.99264218662403,0.0029106359131330704,10,7.33991780504304,1.2323344486727978,0.5190609389379257,0.26958100000000007,"Hparams(val_split=0.4, seed=42, num_rounds=100000, early_stopping_rounds=500, dim_reduction_method='svd', xgb_max_depth=10, xgb_learning_rate=0.0029106359131330704, xgb_num_parallel_tree=1, xgb_colsample_bynode=0.19361118426546192, xgb_subsample=0.5190609389379257, xgb_min_split_loss=1.2323344486727978, xgb_min_child_weight=7.33991780504304)",,,COMPLETE
1,0.686605,2025-08-10 21:39:28.393448,2025-08-10 21:39:58.153829,0 days 00:00:29.760381,800,12.871346474483568,0.22740346640696568,9.563633644393066,0.008706020878304856,3,7.727374508106509,1.7336180394137353,0.6827098485602953,0.20742399999999994,"Hparams(val_split=0.4, seed=42, num_rounds=100000, early_stopping_rounds=500, dim_reduction_method='svd', xgb_max_depth=3, xgb_learning_rate=0.008706020878304856, xgb_num_parallel_tree=1, xgb_colsample_bynode=0.22740346640696568, xgb_subsample=0.6827098485602953, xgb_min_split_loss=1.7336180394137353, xgb_min_child_weight=7.727374508106509)",,,COMPLETE
2,0.674677,2025-08-10 21:39:58.154415,2025-08-10 21:40:24.728852,0 days 00:00:26.574437,500,7.995106732375396,0.2752867891211309,16.777639420895206,0.0016738085788752138,5,10.495427649405375,2.8242799368681437,0.19764570245642932,0.17363800000000007,"Hparams(val_split=0.4, seed=42, num_rounds=100000, early_stopping_rounds=500, dim_reduction_method='svd', xgb_max_depth=5, xgb_learning_rate=0.0016738085788752138, xgb_num_parallel_tree=1, xgb_colsample_bynode=0.2752867891211309, xgb_subsample=0.19764570245642932, xgb_min_split_loss=2.8242799368681437, xgb_min_child_weight=10.495427649405375)",,,COMPLETE
3,0.650701,2025-08-10 21:40:24.729449,2025-08-10 21:40:37.387254,0 days 00:00:12.657805,600,17.125960221746915,0.20231447421237492,19.48448049611839,0.0001238513729886094,7,5.975773894779193,4.7955421490133325,0.5252813963310069,0.090449,"Hparams(val_split=0.4, seed=42, num_rounds=100000, early_stopping_rounds=500, dim_reduction_method='svd', xgb_max_depth=7, xgb_learning_rate=0.0001238513729886094, xgb_num_parallel_tree=1, xgb_colsample_bynode=0.20231447421237492, xgb_subsample=0.5252813963310069, xgb_min_split_loss=4.7955421490133325, xgb_min_child_weight=5.975773894779193)",,,COMPLETE
4,0.669899,2025-08-10 21:40:37.387746,2025-08-10 21:40:56.488393,0 days 00:00:19.100647,400,8.881699724000253,0.1732229409068673,18.63980603118173,0.0023359635026261607,3,12.427653651669052,1.1375540844608736,0.408106745617721,0.09351599999999993,"Hparams(val_split=0.4, seed=42, num_rounds=100000, early_stopping_rounds=500, dim_reduction_method='svd', xgb_max_depth=3, xgb_learning_rate=0.0023359635026261607, xgb_num_parallel_tree=1, xgb_colsample_bynode=0.1732229409068673, xgb_subsample=0.408106745617721, xgb_min_split_loss=1.1375540844608736, xgb_min_child_weight=12.427653651669052)",,,COMPLETE
5,0.671758,2025-08-10 21:40:56.489003,2025-08-10 21:41:36.397962,0 days 00:00:39.908959,700,18.422410256414732,0.2109126733153162,19.09248412346284,0.001096821720752952,5,19.54376941646838,4.100531293444458,0.4826971955402958,0.14797300000000002,"Hparams(val_split=0.4, seed=42, num_rounds=100000, early_stopping_rounds=500, dim_reduction_method='svd', xgb_max_depth=5, xgb_learning_rate=0.001096821720752952, xgb_num_parallel_tree=1, xgb_colsample_bynode=0.2109126733153162, xgb_subsample=0.4826971955402958, xgb_min_split_loss=4.100531293444458, xgb_min_child_weight=19.54376941646838)",,,COMPLETE
6,0.658964,2025-08-10 21:41:36.398536,2025-08-10 21:41:56.579028,0 days 00:00:20.180492,600,17.43106263727894,0.12713637334632286,9.070235476608438,0.00015030900645056822,10,9.879954961448966,2.554709158757928,0.23718800369340165,0.15870399999999996,"Hparams(val_split=0.4, seed=42, num_rounds=100000, early_stopping_rounds=500, dim_reduction_method='svd', xgb_max_depth=10, xgb_learning_rate=0.00015030900645056822, xgb_num_parallel_tree=1, xgb_colsample_bynode=0.12713637334632286, xgb_subsample=0.23718800369340165, xgb_min_split_loss=2.554709158757928, xgb_min_child_weight=9.879954961448966)",,,COMPLETE
7,0.679777,2025-08-10 21:41:56.579542,2025-08-10 21:42:36.368030,0 days 00:00:39.788488,400,7.980735223012586,0.5813181884524238,16.58367153944986,0.001217284708112243,5,6.118259655196562,4.947547746402069,0.19864695748233385,0.19617099999999998,"Hparams(val_split=0.4, seed=42, num_rounds=100000, early_stopping_rounds=500, dim_reduction_method='svd', xgb_max_depth=5, xgb_learning_rate=0.001217284708112243, xgb_num_parallel_tree=1, xgb_colsample_bynode=0.5813181884524238, xgb_subsample=0.19864695748233385, xgb_min_split_loss=4.947547746402069, xgb_min_child_weight=6.118259655196562)",,,COMPLETE
8,0.674559,2025-08-10 21:42:36.368576,2025-08-10 21:43:07.107008,0 days 00:00:30.738432,100,17.946551388133905,0.5627622080115674,6.738035892876946,0.002592475660475161,9,6.110669776011355,2.4338629141770904,0.6103050176286912,0.187021,"Hparams(val_split=0.4, seed=42, num_rounds=100000, early_stopping_rounds=500, dim_reduction_method='svd', xgb_max_depth=9, xgb_learning_rate=0.002592475660475161, xgb_num_parallel_tree=1, xgb_colsample_bynode=0.5627622080115674, xgb_subsample=0.6103050176286912, xgb_min_split_loss=2.4338629141770904, xgb_min_child_weight=6.110669776011355)",,,COMPLETE
9,0.648929,2025-08-10 21:43:07.107510,2025-08-10 21:43:11.437890,0 days 00:00:04.330380,700,12.08322387742924,0.29510999321604825,18.308191138644897,0.00013400367243354819,5,15.94409267507096,3.5502298854208525,0.3176876252009636,0.06340800000000002,"Hparams(val_split=0.4, seed=42, num_rounds=100000, early_stopping_rounds=500, dim_reduction_method='svd', xgb_max_depth=5, xgb_learning_rate=0.00013400367243354819, xgb_num_parallel_tree=1, xgb_colsample_bynode=0.29510999321604825, xgb_subsample=0.3176876252009636, xgb_min_split_loss=3.5502298854208525, xgb_min_child_weight=15.94409267507096)",,,COMPLETE
10,0.651577,2025-08-10 21:43:11.438437,2025-08-10 21:43:43.232658,0 days 00:00:31.794221,1000,13.558217973225247,0.41280400711762066,14.350647779441982,0.0004124662544192987,8,15.353706103537174,1.0605769484110272,0.7526032393382514,0.14205800000000002,"Hparams(val_split=0.4, seed=42, num_rounds=100000, early_stopping_rounds=500, dim_reduction_method='svd', xgb_max_depth=8, xgb_learning_rate=0.0004124662544192987, xgb_num_parallel_tree=1, xgb_colsample_bynode=0.41280400711762066, xgb_subsample=0.7526032393382514, xgb_min_split_loss=1.0605769484110272, xgb_min_child_weight=15.353706103537174)",,,COMPLETE
11,0.687294,2025-08-10 21:43:43.233137,2025-08-10 21:44:03.380319,0 days 00:00:20.147182,1000,13.403746254548363,0.39571862219022924,10.999010191513522,0.008591078234494608,3,8.854726048529047,1.8923796255302456,0.7092580057796721,0.202963,"Hparams(val_split=0.4, seed=42, num_rounds=100000, early_stopping_rounds=500, dim_reduction_method='svd', xgb_max_depth=3, xgb_learning_rate=0.008591078234494608, xgb_num_parallel_tree=1, xgb_colsample_bynode=0.39571862219022924, xgb_subsample=0.7092580057796721, xgb_min_split_loss=1.8923796255302456, xgb_min_child_weight=8.854726048529047)",,,COMPLETE
12,0.68199,2025-08-10 21:44:03.380900,2025-08-10 21:44:22.245020,0 days 00:00:18.864120,200,14.841745978712943,0.4446751708234846,12.601463892786585,0.008188645736295982,10,9.106157294317608,1.9896967104104073,0.7973406487088657,0.247498,"Hparams(val_split=0.4, seed=42, num_rounds=100000, early_stopping_rounds=500, dim_reduction_method='svd', xgb_max_depth=10, xgb_learning_rate=0.008188645736295982, xgb_num_parallel_tree=1, xgb_colsample_bynode=0.4446751708234846, xgb_subsample=0.7973406487088657, xgb_min_split_loss=1.9896967104104073, xgb_min_child_weight=9.106157294317608)",,,COMPLETE
13,0.68691,2025-08-10 21:44:22.245507,2025-08-10 21:44:47.138101,0 days 00:00:24.892594,1000,11.272111424416511,0.35015476499650033,11.01433954523066,0.00424418357810481,7,12.453449946183598,1.709668311561046,0.5975345327552243,0.277999,"Hparams(val_split=0.4, seed=42, num_rounds=100000, early_stopping_rounds=500, dim_reduction_method='svd', xgb_max_depth=7, xgb_learning_rate=0.00424418357810481, xgb_num_parallel_tree=1, xgb_colsample_bynode=0.35015476499650033, xgb_subsample=0.5975345327552243, xgb_min_split_loss=1.709668311561046, xgb_min_child_weight=12.453449946183598)",,,COMPLETE
14,0.686803,2025-08-10 21:44:47.138647,2025-08-10 21:45:13.114005,0 days 00:00:25.975358,1000,10.754644628506746,0.4860404284140414,10.774518546835795,0.005040406297650448,7,12.966860455271904,1.9386318597838346,0.6240912792852984,0.28949199999999997,"Hparams(val_split=0.4, seed=42, num_rounds=100000, early_stopping_rounds=500, dim_reduction_method='svd', xgb_max_depth=7, xgb_learning_rate=0.005040406297650448, xgb_num_parallel_tree=1, xgb_colsample_bynode=0.4860404284140414, xgb_subsample=0.6240912792852984, xgb_min_split_loss=1.9386318597838346, xgb_min_child_weight=12.966860455271904)",,,COMPLETE
15,0.686195,2025-08-10 21:45:13.114585,2025-08-10 21:45:37.923704,0 days 00:00:24.809119,900,10.997989884342173,0.3493395746084652,5.232655729913404,0.0041116733755334825,6,11.970323321105763,3.4259107721077195,0.6746070406439421,0.24622299999999997,"Hparams(val_split=0.4, seed=42, num_rounds=100000, early_stopping_rounds=500, dim_reduction_method='svd', xgb_max_depth=6, xgb_learning_rate=0.0041116733755334825, xgb_num_parallel_tree=1, xgb_colsample_bynode=0.3493395746084652, xgb_subsample=0.6746070406439421, xgb_min_split_loss=3.4259107721077195, xgb_min_child_weight=11.970323321105763)",,,COMPLETE
16,0.637874,2025-08-10 21:45:37.924285,2025-08-10 21:45:43.096052,0 days 00:00:05.171767,900,5.197688215713851,0.3568805059308597,13.039851043323493,0.00041626691278622013,4,15.142178113821029,1.6754622673065664,0.5887608944651198,0.04428199999999993,"Hparams(val_split=0.4, seed=42, num_rounds=100000, early_stopping_rounds=500, dim_reduction_method='svd', xgb_max_depth=4, xgb_learning_rate=0.00041626691278622013, xgb_num_parallel_tree=1, xgb_colsample_bynode=0.3568805059308597, xgb_subsample=0.5887608944651198, xgb_min_split_loss=1.6754622673065664, xgb_min_child_weight=15.142178113821029)",,,COMPLETE
17,0.686026,2025-08-10 21:45:43.096538,2025-08-10 21:46:25.139891,0 days 00:00:42.043353,900,15.702286053594461,0.5138046551270603,9.992362442992519,0.004357402746158412,8,18.436006908649667,2.281358941031667,0.410364516473109,0.30117799999999995,"Hparams(val_split=0.4, seed=42, num_rounds=100000, early_stopping_rounds=500, dim_reduction_method='svd', xgb_max_depth=8, xgb_learning_rate=0.004357402746158412, xgb_num_parallel_tree=1, xgb_colsample_bynode=0.5138046551270603, xgb_subsample=0.410364516473109, xgb_min_split_loss=2.281358941031667, xgb_min_child_weight=18.436006908649667)",,,COMPLETE
18,0.648064,2025-08-10 21:46:25.140492,2025-08-10 21:46:32.724179,0 days 00:00:07.583687,1000,10.656577035743856,0.3525584925168377,7.370254721384288,0.0005675340745421171,6,13.872765064935885,3.1511834632682474,0.7318600041007384,0.08920000000000006,"Hparams(val_split=0.4, seed=42, num_rounds=100000, early_stopping_rounds=500, dim_reduction_method='svd', xgb_max_depth=6, xgb_learning_rate=0.0005675340745421171, xgb_num_parallel_tree=1, xgb_colsample_bynode=0.3525584925168377, xgb_subsample=0.7318600041007384, xgb_min_split_loss=3.1511834632682474, xgb_min_child_weight=13.872765064935885)",,,COMPLETE
19,0.68967,2025-08-10 21:46:32.724689,2025-08-10 21:46:52.464836,0 days 00:00:19.740147,800,15.685139460406393,0.4582074332198885,14.405889703849335,0.00656641216739267,4,11.367951686460117,1.6370807273347778,0.5732769828129456,0.22861299999999996,"Hparams(val_split=0.4, seed=42, num_rounds=100000, early_stopping_rounds=500, dim_reduction_method='svd', xgb_max_depth=4, xgb_learning_rate=0.00656641216739267, xgb_num_parallel_tree=1, xgb_colsample_bynode=0.4582074332198885, xgb_subsample=0.5732769828129456, xgb_min_split_loss=1.6370807273347778, xgb_min_child_weight=11.367951686460117)",,,COMPLETE
20,0.686405,2025-08-10 21:46:52.465436,2025-08-10 21:47:05.973361,0 days 00:00:13.507925,800,19.90764177574563,0.6961361493811652,14.858623495813662,0.009827674611457336,4,10.882711676888004,1.443667723493201,0.37038815578359874,0.225742,"Hparams(val_split=0.4, seed=42, num_rounds=100000, early_stopping_rounds=500, dim_reduction_method='svd', xgb_max_depth=4, xgb_learning_rate=0.009827674611457336, xgb_num_parallel_tree=1, xgb_colsample_bynode=0.6961361493811652, xgb_subsample=0.37038815578359874, xgb_min_split_loss=1.443667723493201, xgb_min_child_weight=10.882711676888004)",,,COMPLETE
21,0.68642,2025-08-10 21:47:05.973844,2025-08-10 21:47:28.306791,0 days 00:00:22.332947,800,15.669918977053543,0.44779085902530374,11.53098608520494,0.006077240056123302,3,8.997185223585472,2.1273155724142754,0.5626747878990304,0.176717,"Hparams(val_split=0.4, seed=42, num_rounds=100000, early_stopping_rounds=500, dim_reduction_method='svd', xgb_max_depth=3, xgb_learning_rate=0.006077240056123302, xgb_num_parallel_tree=1, xgb_colsample_bynode=0.44779085902530374, xgb_subsample=0.5626747878990304, xgb_min_split_loss=2.1273155724142754, xgb_min_child_weight=8.997185223585472)",,,COMPLETE
22,0.689524,2025-08-10 21:47:28.307382,2025-08-10 21:47:50.784128,0 days 00:00:22.476746,1000,12.062889371164873,0.298280007552701,14.319356055252786,0.005991732075463966,4,11.376863151399096,1.5708076874974422,0.6636383120242649,0.24332999999999994,"Hparams(val_split=0.4, seed=42, num_rounds=100000, early_stopping_rounds=500, dim_reduction_method='svd', xgb_max_depth=4, xgb_learning_rate=0.005991732075463966, xgb_num_parallel_tree=1, xgb_colsample_bynode=0.298280007552701, xgb_subsample=0.6636383120242649, xgb_min_split_loss=1.5708076874974422, xgb_min_child_weight=11.376863151399096)",,,COMPLETE
23,0.687765,2025-08-10 21:47:50.784657,2025-08-10 21:48:10.845199,0 days 00:00:20.060542,900,15.598115699732874,0.4103285195627213,14.184863571377523,0.006441439106875715,4,8.178109340873311,1.4091607047113412,0.7062929591857119,0.22871000000000008,"Hparams(val_split=0.4, seed=42, num_rounds=100000, early_stopping_rounds=500, dim_reduction_method='svd', xgb_max_depth=4, xgb_learning_rate=0.006441439106875715, xgb_num_parallel_tree=1, xgb_colsample_bynode=0.4103285195627213, xgb_subsample=0.7062929591857119, xgb_min_split_loss=1.4091607047113412, xgb_min_child_weight=8.178109340873311)",,,COMPLETE
24,0.687945,2025-08-10 21:48:10.845782,2025-08-10 21:48:37.778858,0 days 00:00:26.933076,700,16.436693104110677,0.2858995506000682,14.301510884543465,0.005830517509033727,4,11.186338283044488,1.4111060965997266,0.6577052275943703,0.23486399999999996,"Hparams(val_split=0.4, seed=42, num_rounds=100000, early_stopping_rounds=500, dim_reduction_method='svd', xgb_max_depth=4, xgb_learning_rate=0.005830517509033727, xgb_num_parallel_tree=1, xgb_colsample_bynode=0.2858995506000682, xgb_subsample=0.6577052275943703, xgb_min_split_loss=1.4111060965997266, xgb_min_child_weight=11.186338283044488)",,,COMPLETE
25,0.673843,2025-08-10 21:48:37.779433,2025-08-10 21:48:55.370922,0 days 00:00:17.591489,700,19.191600129365007,0.2809906454124315,15.278953597239285,0.0033150636657013357,4,11.051374069159543,1.4834658428699166,0.6598448836589252,0.14629199999999998,"Hparams(val_split=0.4, seed=42, num_rounds=100000, early_stopping_rounds=500, dim_reduction_method='svd', xgb_max_depth=4, xgb_learning_rate=0.0033150636657013357, xgb_num_parallel_tree=1, xgb_colsample_bynode=0.2809906454124315, xgb_subsample=0.6598448836589252, xgb_min_split_loss=1.4834658428699166, xgb_min_child_weight=11.051374069159543)",,,COMPLETE
26,0.674328,2025-08-10 21:48:55.371451,2025-08-10 21:49:27.623649,0 days 00:00:32.252198,800,16.467031434644646,0.2545042765528573,16.21724533865311,0.0016944178209836955,4,14.057616042973615,2.694984128271329,0.7809432242868914,0.143602,"Hparams(val_split=0.4, seed=42, num_rounds=100000, early_stopping_rounds=500, dim_reduction_method='svd', xgb_max_depth=4, xgb_learning_rate=0.0016944178209836955, xgb_num_parallel_tree=1, xgb_colsample_bynode=0.2545042765528573, xgb_subsample=0.7809432242868914, xgb_min_split_loss=2.694984128271329, xgb_min_child_weight=14.057616042973615)",,,COMPLETE
27,0.683027,2025-08-10 21:49:27.624234,2025-08-10 21:49:55.802993,0 days 00:00:28.178759,700,14.407578469973583,0.10119523610425188,13.217181639255893,0.006071922628272788,6,16.999724637017856,2.231048793339032,0.540987608206198,0.283122,"Hparams(val_split=0.4, seed=42, num_rounds=100000, early_stopping_rounds=500, dim_reduction_method='svd', xgb_max_depth=6, xgb_learning_rate=0.006071922628272788, xgb_num_parallel_tree=1, xgb_colsample_bynode=0.10119523610425188, xgb_subsample=0.540987608206198, xgb_min_split_loss=2.231048793339032, xgb_min_child_weight=16.999724637017856)",,,COMPLETE
28,0.673297,2025-08-10 21:49:55.803545,2025-08-10 21:50:45.417709,0 days 00:00:49.614164,500,9.438208111839183,0.3067550876579763,15.573817150010713,0.0006743143235518529,5,13.934885255489778,1.4435946362879684,0.470031299085665,0.161207,"Hparams(val_split=0.4, seed=42, num_rounds=100000, early_stopping_rounds=500, dim_reduction_method='svd', xgb_max_depth=5, xgb_learning_rate=0.0006743143235518529, xgb_num_parallel_tree=1, xgb_colsample_bynode=0.3067550876579763, xgb_subsample=0.470031299085665, xgb_min_split_loss=1.4435946362879684, xgb_min_child_weight=13.934885255489778)",,,COMPLETE
29,0.682843,2025-08-10 21:50:45.418282,2025-08-10 21:51:13.820969,0 days 00:00:28.402687,600,16.68899355619248,0.17160166447942493,17.392629101367323,0.0029359685125955365,4,11.20089000446021,1.0284771106718689,0.6389335305084877,0.16410400000000003,"Hparams(val_split=0.4, seed=42, num_rounds=100000, early_stopping_rounds=500, dim_reduction_method='svd', xgb_max_depth=4, xgb_learning_rate=0.0029359685125955365, xgb_num_parallel_tree=1, xgb_colsample_bynode=0.17160166447942493, xgb_subsample=0.6389335305084877, xgb_min_split_loss=1.0284771106718689, xgb_min_child_weight=11.20089000446021)",,,COMPLETE
30,0.676178,2025-08-10 21:51:13.821584,2025-08-10 21:51:43.545016,0 days 00:00:29.723432,900,12.206679154273553,0.6470152122658048,13.743383349314728,0.001982299669960017,3,11.632350536211632,1.2854978059791762,0.4863170012366859,0.1212930000000001,"Hparams(val_split=0.4, seed=42, num_rounds=100000, early_stopping_rounds=500, dim_reduction_method='svd', xgb_max_depth=3, xgb_learning_rate=0.001982299669960017, xgb_num_parallel_tree=1, xgb_colsample_bynode=0.6470152122658048, xgb_subsample=0.4863170012366859, xgb_min_split_loss=1.2854978059791762, xgb_min_child_weight=11.632350536211632)",,,COMPLETE
31,0.686671,2025-08-10 21:51:43.545581,2025-08-10 21:52:05.308975,0 days 00:00:21.763394,900,15.92772039336614,0.40320774925006064,13.963606970632615,0.006077250473855715,4,7.558591426572771,1.3830949603467728,0.7150987349345863,0.22574699999999992,"Hparams(val_split=0.4, seed=42, num_rounds=100000, early_stopping_rounds=500, dim_reduction_method='svd', xgb_max_depth=4, xgb_learning_rate=0.006077250473855715, xgb_num_parallel_tree=1, xgb_colsample_bynode=0.40320774925006064, xgb_subsample=0.7150987349345863, xgb_min_split_loss=1.3830949603467728, xgb_min_child_weight=7.558591426572771)",,,COMPLETE
32,0.687102,2025-08-10 21:52:05.309539,2025-08-10 21:52:25.337513,0 days 00:00:20.027974,800,14.800736118909334,0.4881116266763409,12.150180111702946,0.007065338602122948,4,8.286565064708018,1.6809373876356037,0.6768475739391542,0.23230300000000004,"Hparams(val_split=0.4, seed=42, num_rounds=100000, early_stopping_rounds=500, dim_reduction_method='svd', xgb_max_depth=4, xgb_learning_rate=0.007065338602122948, xgb_num_parallel_tree=1, xgb_colsample_bynode=0.4881116266763409, xgb_subsample=0.6768475739391542, xgb_min_split_loss=1.6809373876356037, xgb_min_child_weight=8.286565064708018)",,,COMPLETE
33,0.685483,2025-08-10 21:52:25.338113,2025-08-10 21:52:50.556056,0 days 00:00:25.217943,900,14.411840163063207,0.31860799445462273,15.745951289084013,0.0034569460242071777,5,9.899422654418412,1.6040553030954934,0.5682538299765629,0.23107600000000006,"Hparams(val_split=0.4, seed=42, num_rounds=100000, early_stopping_rounds=500, dim_reduction_method='svd', xgb_max_depth=5, xgb_learning_rate=0.0034569460242071777, xgb_num_parallel_tree=1, xgb_colsample_bynode=0.31860799445462273, xgb_subsample=0.5682538299765629, xgb_min_split_loss=1.6040553030954934, xgb_min_child_weight=9.899422654418412)",,,COMPLETE
34,0.678613,2025-08-10 21:52:50.556744,2025-08-10 21:53:08.973033,0 days 00:00:18.416289,700,12.51924412517,0.22979987771175647,14.448585903340511,0.005600613180572517,3,7.198167945349164,1.3259517047901614,0.7618009945735941,0.142598,"Hparams(val_split=0.4, seed=42, num_rounds=100000, early_stopping_rounds=500, dim_reduction_method='svd', xgb_max_depth=3, xgb_learning_rate=0.005600613180572517, xgb_num_parallel_tree=1, xgb_colsample_bynode=0.22979987771175647, xgb_subsample=0.7618009945735941, xgb_min_split_loss=1.3259517047901614, xgb_min_child_weight=7.198167945349164)",,,COMPLETE
35,0.685248,2025-08-10 21:53:08.973543,2025-08-10 21:53:32.238551,0 days 00:00:23.265008,800,18.64527026548268,0.4341772369686411,17.526753153847135,0.008126335709403226,3,10.085221824669263,1.8931346007954568,0.7019044712031101,0.19255600000000006,"Hparams(val_split=0.4, seed=42, num_rounds=100000, early_stopping_rounds=500, dim_reduction_method='svd', xgb_max_depth=3, xgb_learning_rate=0.008126335709403226, xgb_num_parallel_tree=1, xgb_colsample_bynode=0.4341772369686411, xgb_subsample=0.7019044712031101, xgb_min_split_loss=1.8931346007954568, xgb_min_child_weight=10.085221824669263)",,,COMPLETE
36,0.687718,2025-08-10 21:53:32.239145,2025-08-10 21:54:02.349470,0 days 00:00:30.110325,600,15.347431769857607,0.24932473332905733,12.235204987557616,0.003668232776731861,5,7.194820203689089,4.414705414003754,0.5267791471426932,0.2334679999999999,"Hparams(val_split=0.4, seed=42, num_rounds=100000, early_stopping_rounds=500, dim_reduction_method='svd', xgb_max_depth=5, xgb_learning_rate=0.003668232776731861, xgb_num_parallel_tree=1, xgb_colsample_bynode=0.24932473332905733, xgb_subsample=0.5267791471426932, xgb_min_split_loss=4.414705414003754, xgb_min_child_weight=7.194820203689089)",,,COMPLETE
37,0.686873,2025-08-10 21:54:02.350092,2025-08-10 21:54:16.017074,0 days 00:00:13.666982,800,17.266833595437635,0.52661907379431,13.82945120821012,0.0099075756394667,4,13.420068632792855,1.194182985860627,0.6498354892475948,0.21521600000000007,"Hparams(val_split=0.4, seed=42, num_rounds=100000, early_stopping_rounds=500, dim_reduction_method='svd', xgb_max_depth=4, xgb_learning_rate=0.0099075756394667, xgb_num_parallel_tree=1, xgb_colsample_bynode=0.52661907379431, xgb_subsample=0.6498354892475948, xgb_min_split_loss=1.194182985860627, xgb_min_child_weight=13.420068632792855)",,,COMPLETE
38,0.683944,2025-08-10 21:54:16.017584,2025-08-10 21:54:50.278511,0 days 00:00:34.260927,900,13.133041728681567,0.380032858891775,15.024980755312807,0.0023009212299500647,6,10.485762549935659,2.989067111096177,0.12968212764206077,0.26410599999999995,"Hparams(val_split=0.4, seed=42, num_rounds=100000, early_stopping_rounds=500, dim_reduction_method='svd', xgb_max_depth=6, xgb_learning_rate=0.0023009212299500647, xgb_num_parallel_tree=1, xgb_colsample_bynode=0.380032858891775, xgb_subsample=0.12968212764206077, xgb_min_split_loss=2.989067111096177, xgb_min_child_weight=10.485762549935659)",,,COMPLETE
39,0.640854,2025-08-10 21:54:50.279108,2025-08-10 21:54:59.279142,0 days 00:00:09.000034,700,18.027071388714972,0.32603669288150927,16.936961249597914,0.0002373506745394035,5,5.3417091919518525,2.428905151523602,0.6153099271682358,0.06132199999999999,"Hparams(val_split=0.4, seed=42, num_rounds=100000, early_stopping_rounds=500, dim_reduction_method='svd', xgb_max_depth=5, xgb_learning_rate=0.0002373506745394035, xgb_num_parallel_tree=1, xgb_colsample_bynode=0.32603669288150927, xgb_subsample=0.6153099271682358, xgb_min_split_loss=2.428905151523602, xgb_min_child_weight=5.3417091919518525)",,,COMPLETE
40,0.659345,2025-08-10 21:54:59.279693,2025-08-10 21:55:24.890327,0 days 00:00:25.610634,500,13.892971545857254,0.17086876024095393,13.237896139192895,0.00127522741131435,3,9.602855370079281,1.0058000471710136,0.7410405551185708,0.080731,"Hparams(val_split=0.4, seed=42, num_rounds=100000, early_stopping_rounds=500, dim_reduction_method='svd', xgb_max_depth=3, xgb_learning_rate=0.00127522741131435, xgb_num_parallel_tree=1, xgb_colsample_bynode=0.17086876024095393, xgb_subsample=0.7410405551185708, xgb_min_split_loss=1.0058000471710136, xgb_min_child_weight=9.602855370079281)",,,COMPLETE
41,0.683013,2025-08-10 21:55:24.890876,2025-08-10 21:55:40.580856,0 days 00:00:15.689980,600,15.086110592267845,0.24961460491993126,12.1374268087353,0.004775795860224347,5,7.089718625669419,3.9501103307297787,0.5180199190859037,0.19742800000000005,"Hparams(val_split=0.4, seed=42, num_rounds=100000, early_stopping_rounds=500, dim_reduction_method='svd', xgb_max_depth=5, xgb_learning_rate=0.004775795860224347, xgb_num_parallel_tree=1, xgb_colsample_bynode=0.24961460491993126, xgb_subsample=0.5180199190859037, xgb_min_split_loss=3.9501103307297787, xgb_min_child_weight=7.089718625669419)",,,COMPLETE
42,0.680963,2025-08-10 21:55:40.581369,2025-08-10 21:55:55.485327,0 days 00:00:14.903958,400,15.920756577666925,0.26040354591437964,16.07112443014165,0.0071887879464061135,4,6.675257555151239,4.662700646449394,0.5096717521584957,0.17091699999999999,"Hparams(val_split=0.4, seed=42, num_rounds=100000, early_stopping_rounds=500, dim_reduction_method='svd', xgb_max_depth=4, xgb_learning_rate=0.0071887879464061135, xgb_num_parallel_tree=1, xgb_colsample_bynode=0.26040354591437964, xgb_subsample=0.5096717521584957, xgb_min_split_loss=4.662700646449394, xgb_min_child_weight=6.675257555151239)",,,COMPLETE
43,0.680843,2025-08-10 21:55:55.486002,2025-08-10 21:56:16.576979,0 days 00:00:21.090977,500,16.721488303477084,0.22279261538223225,14.503244788543512,0.00358447601969025,5,8.417893829412028,4.473103822260331,0.4374867880358998,0.18988700000000003,"Hparams(val_split=0.4, seed=42, num_rounds=100000, early_stopping_rounds=500, dim_reduction_method='svd', xgb_max_depth=5, xgb_learning_rate=0.00358447601969025, xgb_num_parallel_tree=1, xgb_colsample_bynode=0.22279261538223225, xgb_subsample=0.4374867880358998, xgb_min_split_loss=4.473103822260331, xgb_min_child_weight=8.417893829412028)",,,COMPLETE
44,0.686882,2025-08-10 21:56:16.577578,2025-08-10 21:56:28.769079,0 days 00:00:12.191501,600,15.243762220077992,0.46737827793779096,12.564401776966244,0.006692229685886599,5,7.983936485436069,3.9641946019635275,0.5534421763504936,0.19857100000000005,"Hparams(val_split=0.4, seed=42, num_rounds=100000, early_stopping_rounds=500, dim_reduction_method='svd', xgb_max_depth=5, xgb_learning_rate=0.006692229685886599, xgb_num_parallel_tree=1, xgb_colsample_bynode=0.46737827793779096, xgb_subsample=0.5534421763504936, xgb_min_split_loss=3.9641946019635275, xgb_min_child_weight=7.983936485436069)",,,COMPLETE
45,0.679654,2025-08-10 21:56:28.769647,2025-08-10 21:56:45.393253,0 days 00:00:16.623606,300,17.61270156284508,0.37581206306353554,13.791876435842864,0.0050440396699752196,4,12.018929867655118,4.290860241006036,0.5843438701149427,0.12989000000000006,"Hparams(val_split=0.4, seed=42, num_rounds=100000, early_stopping_rounds=500, dim_reduction_method='svd', xgb_max_depth=4, xgb_learning_rate=0.0050440396699752196, xgb_num_parallel_tree=1, xgb_colsample_bynode=0.37581206306353554, xgb_subsample=0.5843438701149427, xgb_min_split_loss=4.290860241006036, xgb_min_child_weight=12.018929867655118)",,,COMPLETE
46,0.67266,2025-08-10 21:56:45.393790,2025-08-10 21:57:06.966866,0 days 00:00:21.573076,700,13.801065160142473,0.1996311228032484,9.05513999170028,0.0027030843598843217,3,5.6883803403451685,3.4534360714086314,0.6299595981950612,0.10903099999999999,"Hparams(val_split=0.4, seed=42, num_rounds=100000, early_stopping_rounds=500, dim_reduction_method='svd', xgb_max_depth=3, xgb_learning_rate=0.0027030843598843217, xgb_num_parallel_tree=1, xgb_colsample_bynode=0.1996311228032484, xgb_subsample=0.6299595981950612, xgb_min_split_loss=3.4534360714086314, xgb_min_child_weight=5.6883803403451685)",,,COMPLETE
47,0.681361,2025-08-10 21:57:06.967469,2025-08-10 21:57:27.493774,0 days 00:00:20.526305,1000,11.534995475750446,0.1483980523471159,11.639212023444667,0.003882499230773096,4,6.38473250827893,1.8048487826806792,0.6931027607974906,0.17680399999999996,"Hparams(val_split=0.4, seed=42, num_rounds=100000, early_stopping_rounds=500, dim_reduction_method='svd', xgb_max_depth=4, xgb_learning_rate=0.003882499230773096, xgb_num_parallel_tree=1, xgb_colsample_bynode=0.1483980523471159, xgb_subsample=0.6931027607974906, xgb_min_split_loss=1.8048487826806792, xgb_min_child_weight=6.38473250827893)",,,COMPLETE
48,0.687945,2025-08-10 21:57:27.494319,2025-08-10 21:57:40.929159,0 days 00:00:13.434840,600,9.986559506652725,0.28716729643870553,10.173783330733508,0.0077428395805373244,5,12.956956136886436,2.0814960392540467,0.6599596297549297,0.23895100000000002,"Hparams(val_split=0.4, seed=42, num_rounds=100000, early_stopping_rounds=500, dim_reduction_method='svd', xgb_max_depth=5, xgb_learning_rate=0.0077428395805373244, xgb_num_parallel_tree=1, xgb_colsample_bynode=0.28716729643870553, xgb_subsample=0.6599596297549297, xgb_min_split_loss=2.0814960392540467, xgb_min_child_weight=12.956956136886436)",,,COMPLETE
49,0.687412,2025-08-10 21:57:40.929718,2025-08-10 21:58:02.019710,0 days 00:00:21.089992,1000,10.136814346375473,0.4183163313296131,9.523505368801159,0.007969304503538022,6,12.87193471243203,2.0712358723943676,0.672383253491898,0.294489,"Hparams(val_split=0.4, seed=42, num_rounds=100000, early_stopping_rounds=500, dim_reduction_method='svd', xgb_max_depth=6, xgb_learning_rate=0.007969304503538022, xgb_num_parallel_tree=1, xgb_colsample_bynode=0.4183163313296131, xgb_subsample=0.672383253491898, xgb_min_split_loss=2.0712358723943676, xgb_min_child_weight=12.87193471243203)",,,COMPLETE
50,0.676155,2025-08-10 21:58:02.020217,2025-08-10 21:58:22.280718,0 days 00:00:20.260501,900,7.608516824149173,0.2898982500425704,8.241386479273643,0.005054475660075565,3,11.596647729150769,1.5902729438426464,0.7719593767691635,0.15991300000000008,"Hparams(val_split=0.4, seed=42, num_rounds=100000, early_stopping_rounds=500, dim_reduction_method='svd', xgb_max_depth=3, xgb_learning_rate=0.005054475660075565, xgb_num_parallel_tree=1, xgb_colsample_bynode=0.2898982500425704, xgb_subsample=0.7719593767691635, xgb_min_split_loss=1.5902729438426464, xgb_min_child_weight=11.596647729150769)",,,COMPLETE
51,0.691402,2025-08-10 21:58:22.281283,2025-08-10 21:58:43.898259,0 days 00:00:21.616976,600,8.959191734317834,0.33144095875826285,10.373636549458716,0.009940508120096602,5,14.531606841827779,1.5481218869076017,0.6025646199072259,0.293342,"Hparams(val_split=0.4, seed=42, num_rounds=100000, early_stopping_rounds=500, dim_reduction_method='svd', xgb_max_depth=5, xgb_learning_rate=0.009940508120096602, xgb_num_parallel_tree=1, xgb_colsample_bynode=0.33144095875826285, xgb_subsample=0.6025646199072259, xgb_min_split_loss=1.5481218869076017, xgb_min_child_weight=14.531606841827779)",,,COMPLETE
52,0.691284,2025-08-10 21:58:43.898819,2025-08-10 21:59:06.531282,0 days 00:00:22.632463,600,7.04612710669711,0.32351784189800814,10.229510103282134,0.00924947719749705,4,14.819418470505346,1.1875390190328632,0.6014475206968539,0.273628,"Hparams(val_split=0.4, seed=42, num_rounds=100000, early_stopping_rounds=500, dim_reduction_method='svd', xgb_max_depth=4, xgb_learning_rate=0.00924947719749705, xgb_num_parallel_tree=1, xgb_colsample_bynode=0.32351784189800814, xgb_subsample=0.6014475206968539, xgb_min_split_loss=1.1875390190328632, xgb_min_child_weight=14.819418470505346)",,,COMPLETE
53,0.692338,2025-08-10 21:59:06.531948,2025-08-10 21:59:21.476069,0 days 00:00:14.944121,600,7.160653337049986,0.3301168428458615,9.933907056099091,0.009661409133661694,5,14.622661678134886,1.2065960718139948,0.5982556383671929,0.26987799999999995,"Hparams(val_split=0.4, seed=42, num_rounds=100000, early_stopping_rounds=500, dim_reduction_method='svd', xgb_max_depth=5, xgb_learning_rate=0.009661409133661694, xgb_num_parallel_tree=1, xgb_colsample_bynode=0.3301168428458615, xgb_subsample=0.5982556383671929, xgb_min_split_loss=1.2065960718139948, xgb_min_child_weight=14.622661678134886)",,,COMPLETE
54,0.691932,2025-08-10 21:59:21.476647,2025-08-10 21:59:37.652616,0 days 00:00:16.175969,600,6.9138622767626305,0.3306236100143229,8.894500927244355,0.009879112048895893,5,14.828092287110481,1.1913809757561462,0.5954094426092221,0.278551,"Hparams(val_split=0.4, seed=42, num_rounds=100000, early_stopping_rounds=500, dim_reduction_method='svd', xgb_max_depth=5, xgb_learning_rate=0.009879112048895893, xgb_num_parallel_tree=1, xgb_colsample_bynode=0.3306236100143229, xgb_subsample=0.5954094426092221, xgb_min_split_loss=1.1913809757561462, xgb_min_child_weight=14.828092287110481)",,,COMPLETE
55,0.687423,2025-08-10 21:59:37.653483,2025-08-10 22:00:03.219960,0 days 00:00:25.566477,400,6.722175319267039,0.3247092967738073,8.588984764467963,0.009840931468578428,7,14.802399430469213,1.176036814449558,0.6055571361077859,0.306013,"Hparams(val_split=0.4, seed=42, num_rounds=100000, early_stopping_rounds=500, dim_reduction_method='svd', xgb_max_depth=7, xgb_learning_rate=0.009840931468578428, xgb_num_parallel_tree=1, xgb_colsample_bynode=0.3247092967738073, xgb_subsample=0.6055571361077859, xgb_min_split_loss=1.176036814449558, xgb_min_child_weight=14.802399430469213)",,,COMPLETE
56,0.688613,2025-08-10 22:00:03.220544,2025-08-10 22:00:20.945844,0 days 00:00:17.725300,500,6.136173666006543,0.3723322666435606,7.617987186657071,0.009135205885739316,6,16.254806663586386,1.1859089470789312,0.5835705461499293,0.2950959999999999,"Hparams(val_split=0.4, seed=42, num_rounds=100000, early_stopping_rounds=500, dim_reduction_method='svd', xgb_max_depth=6, xgb_learning_rate=0.009135205885739316, xgb_num_parallel_tree=1, xgb_colsample_bynode=0.3723322666435606, xgb_subsample=0.5835705461499293, xgb_min_split_loss=1.1859089470789312, xgb_min_child_weight=16.254806663586386)",,,COMPLETE
57,0.691808,2025-08-10 22:00:20.946388,2025-08-10 22:00:40.943424,0 days 00:00:19.997036,500,8.597590386445583,0.329473360915653,10.3437978757532,0.00784056143029728,5,14.68993051279039,1.8295412145859455,0.6204097416874017,0.27346500000000007,"Hparams(val_split=0.4, seed=42, num_rounds=100000, early_stopping_rounds=500, dim_reduction_method='svd', xgb_max_depth=5, xgb_learning_rate=0.00784056143029728, xgb_num_parallel_tree=1, xgb_colsample_bynode=0.329473360915653, xgb_subsample=0.6204097416874017, xgb_min_split_loss=1.8295412145859455, xgb_min_child_weight=14.68993051279039)",,,COMPLETE
58,0.694835,2025-08-10 22:00:40.943997,2025-08-10 22:00:59.372794,0 days 00:00:18.428797,500,8.475165935714745,0.3344919604339814,10.339390170409093,0.008297441871567545,5,14.731407532183132,1.7605873907863392,0.557066688419849,0.265776,"Hparams(val_split=0.4, seed=42, num_rounds=100000, early_stopping_rounds=500, dim_reduction_method='svd', xgb_max_depth=5, xgb_learning_rate=0.008297441871567545, xgb_num_parallel_tree=1, xgb_colsample_bynode=0.3344919604339814, xgb_subsample=0.557066688419849, xgb_min_split_loss=1.7605873907863392, xgb_min_child_weight=14.731407532183132)",,,COMPLETE
59,0.690447,2025-08-10 22:00:59.373367,2025-08-10 22:01:13.936450,0 days 00:00:14.563083,300,8.043881692334034,0.340496817629465,10.443581842557915,0.008506711746434366,6,17.25302228765327,1.8318868413995726,0.5401408314772316,0.247703,"Hparams(val_split=0.4, seed=42, num_rounds=100000, early_stopping_rounds=500, dim_reduction_method='svd', xgb_max_depth=6, xgb_learning_rate=0.008506711746434366, xgb_num_parallel_tree=1, xgb_colsample_bynode=0.340496817629465, xgb_subsample=0.5401408314772316, xgb_min_split_loss=1.8318868413995726, xgb_min_child_weight=17.25302228765327)",,,COMPLETE
60,0.691445,2025-08-10 22:01:13.937042,2025-08-10 22:01:30.072768,0 days 00:00:16.135726,500,8.681585760944197,0.3350903990669391,9.61251604971175,0.009919746259043684,5,14.587003482442183,1.1300185024915677,0.6097476828634582,0.27222999999999997,"Hparams(val_split=0.4, seed=42, num_rounds=100000, early_stopping_rounds=500, dim_reduction_method='svd', xgb_max_depth=5, xgb_learning_rate=0.009919746259043684, xgb_num_parallel_tree=1, xgb_colsample_bynode=0.3350903990669391, xgb_subsample=0.6097476828634582, xgb_min_split_loss=1.1300185024915677, xgb_min_child_weight=14.587003482442183)",,,COMPLETE
61,0.690582,2025-08-10 22:01:30.073246,2025-08-10 22:01:48.169826,0 days 00:00:18.096580,500,8.647083047675537,0.3385388931303565,11.226590173648772,0.009983015702516225,5,14.68303051397661,1.2674149709639593,0.602219929973005,0.282737,"Hparams(val_split=0.4, seed=42, num_rounds=100000, early_stopping_rounds=500, dim_reduction_method='svd', xgb_max_depth=5, xgb_learning_rate=0.009983015702516225, xgb_num_parallel_tree=1, xgb_colsample_bynode=0.3385388931303565, xgb_subsample=0.602219929973005, xgb_min_split_loss=1.2674149709639593, xgb_min_child_weight=14.68303051397661)",,,COMPLETE
62,0.692514,2025-08-10 22:01:48.170394,2025-08-10 22:02:10.942824,0 days 00:00:22.772430,500,6.782570709552649,0.36805023819380317,9.615792029834282,0.007619056528493293,5,15.858015605653787,1.0076076813055677,0.4997958156713893,0.28702000000000005,"Hparams(val_split=0.4, seed=42, num_rounds=100000, early_stopping_rounds=500, dim_reduction_method='svd', xgb_max_depth=5, xgb_learning_rate=0.007619056528493293, xgb_num_parallel_tree=1, xgb_colsample_bynode=0.36805023819380317, xgb_subsample=0.4997958156713893, xgb_min_split_loss=1.0076076813055677, xgb_min_child_weight=15.858015605653787)",,,COMPLETE
63,0.689466,2025-08-10 22:02:10.943363,2025-08-10 22:02:25.919044,0 days 00:00:14.975681,400,5.717473681334125,0.3671529640856045,9.593010905404663,0.0075377698170663214,5,15.863928202319514,1.0827115561446459,0.4509344209508893,0.24341000000000002,"Hparams(val_split=0.4, seed=42, num_rounds=100000, early_stopping_rounds=500, dim_reduction_method='svd', xgb_max_depth=5, xgb_learning_rate=0.0075377698170663214, xgb_num_parallel_tree=1, xgb_colsample_bynode=0.3671529640856045, xgb_subsample=0.4509344209508893, xgb_min_split_loss=1.0827115561446459, xgb_min_child_weight=15.863928202319514)",,,COMPLETE
64,0.688467,2025-08-10 22:02:25.919651,2025-08-10 22:02:45.953662,0 days 00:00:20.034011,500,8.65602565213533,0.3085853385102925,8.971836147197449,0.007285228304596637,6,15.686231798377774,1.7566170063294906,0.4952591650502455,0.2838449999999999,"Hparams(val_split=0.4, seed=42, num_rounds=100000, early_stopping_rounds=500, dim_reduction_method='svd', xgb_max_depth=6, xgb_learning_rate=0.007285228304596637, xgb_num_parallel_tree=1, xgb_colsample_bynode=0.3085853385102925, xgb_subsample=0.4952591650502455, xgb_min_split_loss=1.7566170063294906, xgb_min_child_weight=15.686231798377774)",,,COMPLETE
65,0.6847,2025-08-10 22:02:45.954188,2025-08-10 22:03:03.951095,0 days 00:00:17.996907,500,7.246856302873023,0.39119463870582794,6.89052113937557,0.0044714517578646595,5,16.503203469992044,1.5048620972653237,0.5515026040989567,0.22939700000000007,"Hparams(val_split=0.4, seed=42, num_rounds=100000, early_stopping_rounds=500, dim_reduction_method='svd', xgb_max_depth=5, xgb_learning_rate=0.0044714517578646595, xgb_num_parallel_tree=1, xgb_colsample_bynode=0.39119463870582794, xgb_subsample=0.5515026040989567, xgb_min_split_loss=1.5048620972653237, xgb_min_child_weight=16.503203469992044)",,,COMPLETE
66,0.691624,2025-08-10 22:03:03.951668,2025-08-10 22:03:25.333871,0 days 00:00:21.382203,400,9.218848285442299,0.3529071469176471,9.612429474083829,0.00863021418923034,6,14.34858730208012,1.316825718699406,0.6348598444863195,0.28608900000000004,"Hparams(val_split=0.4, seed=42, num_rounds=100000, early_stopping_rounds=500, dim_reduction_method='svd', xgb_max_depth=6, xgb_learning_rate=0.00863021418923034, xgb_num_parallel_tree=1, xgb_colsample_bynode=0.3529071469176471, xgb_subsample=0.6348598444863195, xgb_min_split_loss=1.316825718699406, xgb_min_child_weight=14.34858730208012)",,,COMPLETE
67,0.685967,2025-08-10 22:03:25.334468,2025-08-10 22:03:45.250110,0 days 00:00:19.915642,300,8.104345387366358,0.3561909388790129,9.629752695046966,0.005409490807831373,8,15.346882498582668,1.3263320398869818,0.6317560583252709,0.262826,"Hparams(val_split=0.4, seed=42, num_rounds=100000, early_stopping_rounds=500, dim_reduction_method='svd', xgb_max_depth=8, xgb_learning_rate=0.005409490807831373, xgb_num_parallel_tree=1, xgb_colsample_bynode=0.3561909388790129, xgb_subsample=0.6317560583252709, xgb_min_split_loss=1.3263320398869818, xgb_min_child_weight=15.346882498582668)",,,COMPLETE
68,0.690314,2025-08-10 22:03:45.250664,2025-08-10 22:04:02.621128,0 days 00:00:17.370464,400,6.396794437668274,0.27478135704547435,8.323985051260443,0.008296101272405303,6,13.558989842041841,1.0258115277832607,0.27510110817483596,0.28088,"Hparams(val_split=0.4, seed=42, num_rounds=100000, early_stopping_rounds=500, dim_reduction_method='svd', xgb_max_depth=6, xgb_learning_rate=0.008296101272405303, xgb_num_parallel_tree=1, xgb_colsample_bynode=0.27478135704547435, xgb_subsample=0.27510110817483596, xgb_min_split_loss=1.0258115277832607, xgb_min_child_weight=13.558989842041841)",,,COMPLETE
69,0.691323,2025-08-10 22:04:02.621671,2025-08-10 22:04:21.115756,0 days 00:00:18.494085,400,5.23017507039358,0.41788529375576705,7.804627802399138,0.0068644592809716,6,18.110264951238214,1.3091823096433022,0.5066936376960206,0.274682,"Hparams(val_split=0.4, seed=42, num_rounds=100000, early_stopping_rounds=500, dim_reduction_method='svd', xgb_max_depth=6, xgb_learning_rate=0.0068644592809716, xgb_num_parallel_tree=1, xgb_colsample_bynode=0.41788529375576705, xgb_subsample=0.5066936376960206, xgb_min_split_loss=1.3091823096433022, xgb_min_child_weight=18.110264951238214)",,,COMPLETE
70,0.645839,2025-08-10 22:04:21.116339,2025-08-10 22:04:24.617610,0 days 00:00:03.501271,500,7.458957339266078,0.38488239030798915,10.764022990470375,0.00019267149149790634,5,14.38708766277573,1.1127929667974124,0.38180178539557463,0.06563699999999995,"Hparams(val_split=0.4, seed=42, num_rounds=100000, early_stopping_rounds=500, dim_reduction_method='svd', xgb_max_depth=5, xgb_learning_rate=0.00019267149149790634, xgb_num_parallel_tree=1, xgb_colsample_bynode=0.38488239030798915, xgb_subsample=0.38180178539557463, xgb_min_split_loss=1.1127929667974124, xgb_min_child_weight=14.38708766277573)",,,COMPLETE
71,0.690129,2025-08-10 22:04:24.618090,2025-08-10 22:04:46.838597,0 days 00:00:22.220507,600,9.298134194297994,0.33464286426125106,9.733306979313479,0.008533941905944907,7,15.220855572967766,1.5114840266160672,0.574154872039649,0.299318,"Hparams(val_split=0.4, seed=42, num_rounds=100000, early_stopping_rounds=500, dim_reduction_method='svd', xgb_max_depth=7, xgb_learning_rate=0.008533941905944907, xgb_num_parallel_tree=1, xgb_colsample_bynode=0.33464286426125106, xgb_subsample=0.574154872039649, xgb_min_split_loss=1.5114840266160672, xgb_min_child_weight=15.220855572967766)",,,COMPLETE
72,0.690889,2025-08-10 22:04:46.839187,2025-08-10 22:05:06.405870,0 days 00:00:19.566683,600,9.121675077619162,0.3057109800455658,10.55211012612367,0.008680155120124104,5,14.326991888987498,1.6852708048766436,0.6185191748200337,0.27930600000000005,"Hparams(val_split=0.4, seed=42, num_rounds=100000, early_stopping_rounds=500, dim_reduction_method='svd', xgb_max_depth=5, xgb_learning_rate=0.008680155120124104, xgb_num_parallel_tree=1, xgb_colsample_bynode=0.3057109800455658, xgb_subsample=0.6185191748200337, xgb_min_split_loss=1.6852708048766436, xgb_min_child_weight=14.326991888987498)",,,COMPLETE
73,0.640884,2025-08-10 22:05:06.406384,2025-08-10 22:05:13.692239,0 days 00:00:07.285855,500,8.263432770267567,0.357136477275468,11.416415225180275,0.00010617705968063447,5,13.526900095882297,1.407237941069269,0.6367318019606667,0.06037199999999998,"Hparams(val_split=0.4, seed=42, num_rounds=100000, early_stopping_rounds=500, dim_reduction_method='svd', xgb_max_depth=5, xgb_learning_rate=0.00010617705968063447, xgb_num_parallel_tree=1, xgb_colsample_bynode=0.357136477275468, xgb_subsample=0.6367318019606667, xgb_min_split_loss=1.407237941069269, xgb_min_child_weight=13.526900095882297)",,,COMPLETE
74,0.688062,2025-08-10 22:05:13.692738,2025-08-10 22:05:32.716533,0 days 00:00:19.023795,400,9.7302665341028,0.3478089605859173,9.233576744445259,0.0065259162718571875,6,16.796967414150085,1.9718945999580242,0.5317470547199241,0.26568900000000006,"Hparams(val_split=0.4, seed=42, num_rounds=100000, early_stopping_rounds=500, dim_reduction_method='svd', xgb_max_depth=6, xgb_learning_rate=0.0065259162718571875, xgb_num_parallel_tree=1, xgb_colsample_bynode=0.3478089605859173, xgb_subsample=0.5317470547199241, xgb_min_split_loss=1.9718945999580242, xgb_min_child_weight=16.796967414150085)",,,COMPLETE
75,0.688649,2025-08-10 22:05:32.717137,2025-08-10 22:05:59.105541,0 days 00:00:26.388404,500,6.901164592250074,0.2716163442731913,5.707409873651388,0.005752644129273525,5,17.356373367621824,1.5505639646329439,0.5609264376515845,0.2805190000000001,"Hparams(val_split=0.4, seed=42, num_rounds=100000, early_stopping_rounds=500, dim_reduction_method='svd', xgb_max_depth=5, xgb_learning_rate=0.005752644129273525, xgb_num_parallel_tree=1, xgb_colsample_bynode=0.2716163442731913, xgb_subsample=0.5609264376515845, xgb_min_split_loss=1.5505639646329439, xgb_min_child_weight=17.356373367621824)",,,COMPLETE
76,0.68966,2025-08-10 22:05:59.106182,2025-08-10 22:06:16.258850,0 days 00:00:17.152668,600,8.556020781906374,0.39420026764713656,8.693371061255617,0.007782524211271677,5,15.592952554366283,1.250530394255225,0.46204705680674546,0.26892099999999997,"Hparams(val_split=0.4, seed=42, num_rounds=100000, early_stopping_rounds=500, dim_reduction_method='svd', xgb_max_depth=5, xgb_learning_rate=0.007782524211271677, xgb_num_parallel_tree=1, xgb_colsample_bynode=0.39420026764713656, xgb_subsample=0.46204705680674546, xgb_min_split_loss=1.250530394255225, xgb_min_child_weight=15.592952554366283)",,,COMPLETE
77,0.684556,2025-08-10 22:06:16.259548,2025-08-10 22:06:28.660634,0 days 00:00:12.401086,300,7.741586140071547,0.3140868393160133,10.939304736317764,0.009081894933485534,5,14.271743035023222,1.141595603047276,0.5923225156629258,0.21497,"Hparams(val_split=0.4, seed=42, num_rounds=100000, early_stopping_rounds=500, dim_reduction_method='svd', xgb_max_depth=5, xgb_learning_rate=0.009081894933485534, xgb_num_parallel_tree=1, xgb_colsample_bynode=0.3140868393160133, xgb_subsample=0.5923225156629258, xgb_min_split_loss=1.141595603047276, xgb_min_child_weight=14.271743035023222)",,,COMPLETE
78,0.690774,2025-08-10 22:06:28.661157,2025-08-10 22:06:48.722153,0 days 00:00:20.060996,600,10.539577699939832,0.33374112139566686,9.958350983767327,0.009944357188146747,9,16.21549418175008,2.313289047004705,0.646511590585554,0.29255200000000003,"Hparams(val_split=0.4, seed=42, num_rounds=100000, early_stopping_rounds=500, dim_reduction_method='svd', xgb_max_depth=9, xgb_learning_rate=0.009944357188146747, xgb_num_parallel_tree=1, xgb_colsample_bynode=0.33374112139566686, xgb_subsample=0.646511590585554, xgb_min_split_loss=2.313289047004705, xgb_min_child_weight=16.21549418175008)",,,COMPLETE
79,0.690838,2025-08-10 22:06:48.722763,2025-08-10 22:07:10.059652,0 days 00:00:21.336889,500,6.497511803273663,0.30382084712220164,8.16039957556089,0.006686683793620125,6,14.920338563535793,1.3593170340312684,0.6865685548214874,0.28361100000000006,"Hparams(val_split=0.4, seed=42, num_rounds=100000, early_stopping_rounds=500, dim_reduction_method='svd', xgb_max_depth=6, xgb_learning_rate=0.006686683793620125, xgb_num_parallel_tree=1, xgb_colsample_bynode=0.30382084712220164, xgb_subsample=0.6865685548214874, xgb_min_split_loss=1.3593170340312684, xgb_min_child_weight=14.920338563535793)",,,COMPLETE
80,0.671987,2025-08-10 22:07:10.060246,2025-08-10 22:08:04.182510,0 days 00:00:54.122264,400,5.724199280797695,0.3591847551520687,9.378706657014087,0.000648463474874276,5,13.78754569482525,1.003599064224692,0.7256761186165073,0.16670200000000002,"Hparams(val_split=0.4, seed=42, num_rounds=100000, early_stopping_rounds=500, dim_reduction_method='svd', xgb_max_depth=5, xgb_learning_rate=0.000648463474874276, xgb_num_parallel_tree=1, xgb_colsample_bynode=0.3591847551520687, xgb_subsample=0.7256761186165073, xgb_min_split_loss=1.003599064224692, xgb_min_child_weight=13.78754569482525)",,,COMPLETE
81,0.692615,2025-08-10 22:08:04.183086,2025-08-10 22:08:22.203409,0 days 00:00:18.020323,500,5.6244440091803565,0.4246669246676009,7.583579163702386,0.007359818804900771,6,14.610823040221948,1.2809293028364712,0.4999808271518088,0.28457299999999996,"Hparams(val_split=0.4, seed=42, num_rounds=100000, early_stopping_rounds=500, dim_reduction_method='svd', xgb_max_depth=6, xgb_learning_rate=0.007359818804900771, xgb_num_parallel_tree=1, xgb_colsample_bynode=0.4246669246676009, xgb_subsample=0.4999808271518088, xgb_min_split_loss=1.2809293028364712, xgb_min_child_weight=14.610823040221948)",,,COMPLETE
82,0.692734,2025-08-10 22:08:22.203931,2025-08-10 22:08:45.014686,0 days 00:00:22.810755,500,5.771280818209718,0.43541385288293155,8.705311277920014,0.007459268182757699,7,13.290750793959415,1.244286135763519,0.47420480303357637,0.298141,"Hparams(val_split=0.4, seed=42, num_rounds=100000, early_stopping_rounds=500, dim_reduction_method='svd', xgb_max_depth=7, xgb_learning_rate=0.007459268182757699, xgb_num_parallel_tree=1, xgb_colsample_bynode=0.43541385288293155, xgb_subsample=0.47420480303357637, xgb_min_split_loss=1.244286135763519, xgb_min_child_weight=13.290750793959415)",,,COMPLETE
83,0.690179,2025-08-10 22:08:45.015300,2025-08-10 22:09:22.401096,0 days 00:00:37.385796,500,6.054472534029727,0.4237615560279222,7.066814389642589,0.005383460602030997,7,12.65561307343976,1.1209525278608157,0.4633234585077023,0.30397300000000005,"Hparams(val_split=0.4, seed=42, num_rounds=100000, early_stopping_rounds=500, dim_reduction_method='svd', xgb_max_depth=7, xgb_learning_rate=0.005383460602030997, xgb_num_parallel_tree=1, xgb_colsample_bynode=0.4237615560279222, xgb_subsample=0.4633234585077023, xgb_min_split_loss=1.1209525278608157, xgb_min_child_weight=12.65561307343976)",,,COMPLETE
84,0.688065,2025-08-10 22:09:22.401665,2025-08-10 22:09:38.583952,0 days 00:00:16.182287,500,5.222971807723786,0.4452688562234206,8.825843538833068,0.007377522589752808,7,13.286574138309263,1.2631808306827266,0.47990985615137777,0.28188099999999994,"Hparams(val_split=0.4, seed=42, num_rounds=100000, early_stopping_rounds=500, dim_reduction_method='svd', xgb_max_depth=7, xgb_learning_rate=0.007377522589752808, xgb_num_parallel_tree=1, xgb_colsample_bynode=0.4452688562234206, xgb_subsample=0.47990985615137777, xgb_min_split_loss=1.2631808306827266, xgb_min_child_weight=13.286574138309263)",,,COMPLETE
85,0.686087,2025-08-10 22:09:38.584557,2025-08-10 22:09:59.708151,0 days 00:00:21.123594,500,5.796117339463262,0.40259982081703316,7.810477441616076,0.0061468920616138956,8,14.103078774673461,1.4562959876952557,0.40682533850868074,0.292949,"Hparams(val_split=0.4, seed=42, num_rounds=100000, early_stopping_rounds=500, dim_reduction_method='svd', xgb_max_depth=8, xgb_learning_rate=0.0061468920616138956, xgb_num_parallel_tree=1, xgb_colsample_bynode=0.40259982081703316, xgb_subsample=0.40682533850868074, xgb_min_split_loss=1.4562959876952557, xgb_min_child_weight=14.103078774673461)",,,COMPLETE
86,0.689624,2025-08-10 22:09:59.708678,2025-08-10 22:10:19.388378,0 days 00:00:19.679700,500,7.318136901901376,0.4612513776244774,19.86261890791468,0.008235822602536216,6,12.156476960780598,1.6653737019989143,0.5205006768578686,0.28756000000000004,"Hparams(val_split=0.4, seed=42, num_rounds=100000, early_stopping_rounds=500, dim_reduction_method='svd', xgb_max_depth=6, xgb_learning_rate=0.008235822602536216, xgb_num_parallel_tree=1, xgb_colsample_bynode=0.4612513776244774, xgb_subsample=0.5205006768578686, xgb_min_split_loss=1.6653737019989143, xgb_min_child_weight=12.156476960780598)",,,COMPLETE
87,0.690929,2025-08-10 22:10:19.388960,2025-08-10 22:10:51.826600,0 days 00:00:32.437640,400,6.581511804997346,0.48917465647196257,6.376904595160418,0.004568876709414079,7,15.040738177832845,1.3688499354618568,0.42021571544664865,0.29657599999999995,"Hparams(val_split=0.4, seed=42, num_rounds=100000, early_stopping_rounds=500, dim_reduction_method='svd', xgb_max_depth=7, xgb_learning_rate=0.004568876709414079, xgb_num_parallel_tree=1, xgb_colsample_bynode=0.48917465647196257, xgb_subsample=0.42021571544664865, xgb_min_split_loss=1.3688499354618568, xgb_min_child_weight=15.040738177832845)",,,COMPLETE
88,0.676491,2025-08-10 22:10:51.827182,2025-08-10 22:11:08.564194,0 days 00:00:16.737012,100,5.502883753004513,0.37950474484245084,11.81821160876364,0.007089268373043715,6,13.180092920490436,1.1093160821951722,0.5017202626635912,0.23376700000000006,"Hparams(val_split=0.4, seed=42, num_rounds=100000, early_stopping_rounds=500, dim_reduction_method='svd', xgb_max_depth=6, xgb_learning_rate=0.007089268373043715, xgb_num_parallel_tree=1, xgb_colsample_bynode=0.37950474484245084, xgb_subsample=0.5017202626635912, xgb_min_split_loss=1.1093160821951722, xgb_min_child_weight=13.180092920490436)",,,COMPLETE
89,0.689794,2025-08-10 22:11:08.564723,2025-08-10 22:11:41.791464,0 days 00:00:33.226741,600,8.302216926377314,0.43322817240989026,6.334670819413597,0.0031012167743589138,6,13.745140862977317,2.625890540010935,0.5477240149498714,0.279559,"Hparams(val_split=0.4, seed=42, num_rounds=100000, early_stopping_rounds=500, dim_reduction_method='svd', xgb_max_depth=6, xgb_learning_rate=0.0031012167743589138, xgb_num_parallel_tree=1, xgb_colsample_bynode=0.43322817240989026, xgb_subsample=0.5477240149498714, xgb_min_split_loss=2.625890540010935, xgb_min_child_weight=13.745140862977317)",,,COMPLETE
90,0.686272,2025-08-10 22:11:41.792068,2025-08-10 22:12:00.661749,0 days 00:00:18.869681,400,7.794811432846325,0.4041887439458548,9.242552045630484,0.00621788581349942,7,15.354232889967221,1.1882136079256171,0.48640229406063595,0.27851099999999995,"Hparams(val_split=0.4, seed=42, num_rounds=100000, early_stopping_rounds=500, dim_reduction_method='svd', xgb_max_depth=7, xgb_learning_rate=0.00621788581349942, xgb_num_parallel_tree=1, xgb_colsample_bynode=0.4041887439458548, xgb_subsample=0.48640229406063595, xgb_min_split_loss=1.1882136079256171, xgb_min_child_weight=15.354232889967221)",,,COMPLETE
91,0.686585,2025-08-10 22:12:00.662293,2025-08-10 22:12:16.339421,0 days 00:00:15.677128,600,8.971663067501401,0.3663495991957705,9.827524300172048,0.009023257393092086,5,14.636166718548028,1.5726563583860649,0.5749848688570469,0.27585899999999997,"Hparams(val_split=0.4, seed=42, num_rounds=100000, early_stopping_rounds=500, dim_reduction_method='svd', xgb_max_depth=5, xgb_learning_rate=0.009023257393092086, xgb_num_parallel_tree=1, xgb_colsample_bynode=0.3663495991957705, xgb_subsample=0.5749848688570469, xgb_min_split_loss=1.5726563583860649, xgb_min_child_weight=14.636166718548028)",,,COMPLETE
92,0.694843,2025-08-10 22:12:16.339950,2025-08-10 22:12:36.180748,0 days 00:00:19.840798,600,9.793785073461505,0.346247800324958,10.37743424425489,0.00807388460154254,5,14.487334551606045,1.4534633113605888,0.6171842834388237,0.27412400000000003,"Hparams(val_split=0.4, seed=42, num_rounds=100000, early_stopping_rounds=500, dim_reduction_method='svd', xgb_max_depth=5, xgb_learning_rate=0.00807388460154254, xgb_num_parallel_tree=1, xgb_colsample_bynode=0.346247800324958, xgb_subsample=0.6171842834388237, xgb_min_split_loss=1.4534633113605888, xgb_min_child_weight=14.487334551606045)",,,COMPLETE
93,0.68966,2025-08-10 22:12:36.181390,2025-08-10 22:12:59.636392,0 days 00:00:23.455002,500,9.563768303036763,0.3500049967895142,8.521636357714673,0.007823356649935068,5,14.119155471151693,1.2587508589515708,0.6192360468927915,0.28640599999999994,"Hparams(val_split=0.4, seed=42, num_rounds=100000, early_stopping_rounds=500, dim_reduction_method='svd', xgb_max_depth=5, xgb_learning_rate=0.007823356649935068, xgb_num_parallel_tree=1, xgb_colsample_bynode=0.3500049967895142, xgb_subsample=0.6192360468927915, xgb_min_split_loss=1.2587508589515708, xgb_min_child_weight=14.119155471151693)",,,COMPLETE
94,0.695097,2025-08-10 22:12:59.636911,2025-08-10 22:13:27.017199,0 days 00:00:27.380288,600,6.920562038774711,0.29465651555894085,8.047558328691794,0.00556178353250608,5,15.509993186959967,1.457161565140586,0.5635517015265841,0.280057,"Hparams(val_split=0.4, seed=42, num_rounds=100000, early_stopping_rounds=500, dim_reduction_method='svd', xgb_max_depth=5, xgb_learning_rate=0.00556178353250608, xgb_num_parallel_tree=1, xgb_colsample_bynode=0.29465651555894085, xgb_subsample=0.5635517015265841, xgb_min_split_loss=1.457161565140586, xgb_min_child_weight=15.509993186959967)",,,COMPLETE
95,0.684746,2025-08-10 22:13:27.017814,2025-08-10 22:13:51.214336,0 days 00:00:24.196522,700,6.167134623879887,0.26699741505258484,7.302187163144481,0.004142979263668495,6,16.065727173472627,1.4586409117246586,0.5591536932469499,0.28075000000000006,"Hparams(val_split=0.4, seed=42, num_rounds=100000, early_stopping_rounds=500, dim_reduction_method='svd', xgb_max_depth=6, xgb_learning_rate=0.004142979263668495, xgb_num_parallel_tree=1, xgb_colsample_bynode=0.26699741505258484, xgb_subsample=0.5591536932469499, xgb_min_split_loss=1.4586409117246586, xgb_min_child_weight=16.065727173472627)",,,COMPLETE
96,0.690977,2025-08-10 22:13:51.214906,2025-08-10 22:14:16.324291,0 days 00:00:25.109385,600,6.997248083000288,0.290980808724729,8.01465173378004,0.005155910995394375,5,15.54506025528591,1.799508124215413,0.5320242083771699,0.2742300000000001,"Hparams(val_split=0.4, seed=42, num_rounds=100000, early_stopping_rounds=500, dim_reduction_method='svd', xgb_max_depth=5, xgb_learning_rate=0.005155910995394375, xgb_num_parallel_tree=1, xgb_colsample_bynode=0.290980808724729, xgb_subsample=0.5320242083771699, xgb_min_split_loss=1.799508124215413, xgb_min_child_weight=15.54506025528591)",,,COMPLETE
97,0.6856,2025-08-10 22:14:16.324844,2025-08-10 22:14:38.034289,0 days 00:00:21.709445,700,7.23898205239842,0.23746538622956742,10.664260818428776,0.005657200800231989,5,15.138897501914967,1.3932726827726756,0.44425471400701666,0.27267300000000005,"Hparams(val_split=0.4, seed=42, num_rounds=100000, early_stopping_rounds=500, dim_reduction_method='svd', xgb_max_depth=5, xgb_learning_rate=0.005657200800231989, xgb_num_parallel_tree=1, xgb_colsample_bynode=0.23746538622956742, xgb_subsample=0.44425471400701666, xgb_min_split_loss=1.3932726827726756, xgb_min_child_weight=15.138897501914967)",,,COMPLETE
98,0.676081,2025-08-10 22:14:38.034899,2025-08-10 22:15:22.665242,0 days 00:00:44.630343,600,5.061773886250032,0.47352122015918496,10.158045261704396,0.0009553338712854657,6,16.635998862862692,1.9054444436585676,0.585861446319646,0.219159,"Hparams(val_split=0.4, seed=42, num_rounds=100000, early_stopping_rounds=500, dim_reduction_method='svd', xgb_max_depth=6, xgb_learning_rate=0.0009553338712854657, xgb_num_parallel_tree=1, xgb_colsample_bynode=0.47352122015918496, xgb_subsample=0.585861446319646, xgb_min_split_loss=1.9054444436585676, xgb_min_child_weight=16.635998862862692)",,,COMPLETE
99,0.686982,2025-08-10 22:15:22.665834,2025-08-10 22:15:49.757167,0 days 00:00:27.091333,700,6.266074889144477,0.31976546012235135,7.447615573064747,0.006575836658393546,8,15.699353542324019,1.7487940178972767,0.6479732034298631,0.305532,"Hparams(val_split=0.4, seed=42, num_rounds=100000, early_stopping_rounds=500, dim_reduction_method='svd', xgb_max_depth=8, xgb_learning_rate=0.006575836658393546, xgb_num_parallel_tree=1, xgb_colsample_bynode=0.31976546012235135, xgb_subsample=0.6479732034298631, xgb_min_split_loss=1.7487940178972767, xgb_min_child_weight=15.699353542324019)",,,COMPLETE
100,0.690927,2025-08-10 22:15:49.757750,2025-08-10 22:16:06.203211,0 days 00:00:16.445461,600,6.840675981692053,0.3859960388527554,11.171381169273184,0.007306169371334364,4,13.847597089981367,1.6165784969314863,0.5175989921493516,0.22279400000000005,"Hparams(val_split=0.4, seed=42, num_rounds=100000, early_stopping_rounds=500, dim_reduction_method='svd', xgb_max_depth=4, xgb_learning_rate=0.007306169371334364, xgb_num_parallel_tree=1, xgb_colsample_bynode=0.3859960388527554, xgb_subsample=0.5175989921493516, xgb_min_split_loss=1.6165784969314863, xgb_min_child_weight=13.847597089981367)",,,COMPLETE
101,0.688515,2025-08-10 22:16:06.203754,2025-08-10 22:16:22.331648,0 days 00:00:16.127894,500,8.389662231993892,0.34235478745992165,9.060048492723736,0.00891823140224349,5,14.409514280339794,1.0964281537792215,0.6162577076823856,0.262656,"Hparams(val_split=0.4, seed=42, num_rounds=100000, early_stopping_rounds=500, dim_reduction_method='svd', xgb_max_depth=5, xgb_learning_rate=0.00891823140224349, xgb_num_parallel_tree=1, xgb_colsample_bynode=0.34235478745992165, xgb_subsample=0.6162577076823856, xgb_min_split_loss=1.0964281537792215, xgb_min_child_weight=14.409514280339794)",,,COMPLETE
102,,2025-08-10 22:16:22.332280,2025-08-10 22:16:30.011747,0 days 00:00:07.679467,500,10.26960234306209,0.29919362771389263,8.53280726718046,0.008016932202894561,5,14.885554932921,1.3277103576077496,0.667944797999947,,,,,FAIL
