trial_number,timestamp,val_f1,train_f1,f1_discrepancy,val_err,train_err,err_discrepancy,hp_dim_n_components,hp_xgb_max_depth,hp_xgb_learning_rate,hp_xgb_subsample,hp_xgb_colsample_bynode,hp_xgb_min_child_weight,hp_xgb_min_split_loss,hp_xgb_lambda,hp_xgb_alpha,hp_val_split,hp_seed,hp_num_rounds,hp_early_stopping_rounds,hp_dim_reduction_method,hp_xgb_num_parallel_tree
0,2025-08-10T21:38:40.420523,0.686807,0.956388,0.26958100000000007,0.2972068664533023,0.04151309408341416,0.25569377236988816,400,10,0.0029106359131330704,0.5190609389379257,0.19361118426546192,7.33991780504304,1.2323344486727978,17.99264218662403,14.016725176148132,0.4,42,100000,500,svd,1
1,2025-08-10T21:39:28.393467,0.686605,0.894029,0.20742399999999994,0.2996799534477742,0.10135790494665374,0.19832204850112045,800,3,0.008706020878304856,0.6827098485602953,0.22740346640696568,7.727374508106509,1.7336180394137353,9.563633644393066,12.871346474483568,0.4,42,100000,500,svd,1
2,2025-08-10T21:39:58.154425,0.674677,0.848315,0.17363800000000007,0.31044515565900493,0.14529582929194956,0.16514932636705537,500,5,0.0016738085788752138,0.19764570245642932,0.2752867891211309,10.495427649405375,2.8242799368681437,16.777639420895206,7.995106732375396,0.4,42,100000,500,svd,1
3,2025-08-10T21:40:24.729460,0.650701,0.74115,0.090449,0.33881291824265347,0.2498545101842871,0.08895840805836638,600,7,0.0001238513729886094,0.5252813963310069,0.20231447421237492,5.975773894779193,4.7955421490133325,19.48448049611839,17.125960221746915,0.4,42,100000,500,svd,1
4,2025-08-10T21:40:37.387758,0.669899,0.763415,0.09351599999999993,0.3167006109979633,0.22715809893307468,0.08954251206488864,400,3,0.0023359635026261607,0.408106745617721,0.1732229409068673,12.427653651669052,1.1375540844608736,18.63980603118173,8.881699724000253,0.4,42,100000,500,svd,1
5,2025-08-10T21:40:56.489015,0.671758,0.819731,0.14797300000000002,0.3143729997090486,0.17293889427740058,0.141434105431648,700,5,0.001096821720752952,0.4826971955402958,0.2109126733153162,19.54376941646838,4.100531293444458,19.09248412346284,18.422410256414732,0.4,42,100000,500,svd,1
6,2025-08-10T21:41:36.398548,0.658964,0.817668,0.15870399999999996,0.329938900203666,0.17565470417070805,0.15428419603295795,600,10,0.00015030900645056822,0.23718800369340165,0.12713637334632286,9.879954961448966,2.554709158757928,9.070235476608438,17.43106263727894,0.4,42,100000,500,svd,1
7,2025-08-10T21:41:56.579552,0.679777,0.875948,0.19617099999999998,0.3054989816700611,0.11852570320077595,0.1869732784692852,400,5,0.001217284708112243,0.19864695748233385,0.5813181884524238,6.118259655196562,4.947547746402069,16.58367153944986,7.980735223012586,0.4,42,100000,500,svd,1
8,2025-08-10T21:42:36.368586,0.674559,0.86158,0.187021,0.3142275240034914,0.13307468477206597,0.18115283923142544,100,9,0.002592475660475161,0.6103050176286912,0.5627622080115674,6.110669776011355,2.4338629141770904,6.738035892876946,17.946551388133905,0.4,42,100000,500,svd,1
9,2025-08-10T21:43:07.107521,0.648929,0.712337,0.06340800000000002,0.33692173407041026,0.2755577109602328,0.06136402311017747,700,5,0.00013400367243354819,0.3176876252009636,0.29510999321604825,15.94409267507096,3.5502298854208525,18.308191138644897,12.08322387742924,0.4,42,100000,500,svd,1
10,2025-08-10T21:43:11.438449,0.651577,0.793635,0.14205800000000002,0.33706720977596744,0.198545101842871,0.13852210793309644,1000,8,0.0004124662544192987,0.7526032393382514,0.41280400711762066,15.353706103537174,1.0605769484110272,14.350647779441982,13.558217973225247,0.4,42,100000,500,svd,1
11,2025-08-10T21:43:43.233148,0.687294,0.890257,0.202963,0.29793424498108817,0.10484966052376334,0.19308458445732485,1000,3,0.008591078234494608,0.7092580057796721,0.39571862219022924,8.854726048529047,1.8923796255302456,10.999010191513522,13.403746254548363,0.4,42,100000,500,svd,1
12,2025-08-10T21:44:03.380911,0.68199,0.929488,0.247498,0.30418970032004655,0.06731328806983511,0.23687641225021144,200,10,0.008188645736295982,0.7973406487088657,0.4446751708234846,9.106157294317608,1.9896967104104073,12.601463892786585,14.841745978712943,0.4,42,100000,500,svd,1
13,2025-08-10T21:44:22.245518,0.68691,0.964909,0.277999,0.2945883037532732,0.03336566440349176,0.26122263934978146,1000,7,0.00424418357810481,0.5975345327552243,0.35015476499650033,12.453449946183598,1.709668311561046,11.01433954523066,11.272111424416511,0.4,42,100000,500,svd,1
14,2025-08-10T21:44:47.138658,0.686803,0.976295,0.28949199999999997,0.29386092522548735,0.02250242483026188,0.27135850039522547,1000,7,0.005040406297650448,0.6240912792852984,0.4860404284140414,12.966860455271904,1.9386318597838346,10.774518546835795,10.754644628506746,0.4,42,100000,500,svd,1
15,2025-08-10T21:45:13.114595,0.686195,0.932418,0.24622299999999997,0.29749781786441665,0.06440349175557711,0.23309432610883954,900,6,0.0041116733755334825,0.6746070406439421,0.3493395746084652,11.970323321105763,3.4259107721077195,5.232655729913404,10.997989884342173,0.4,42,100000,500,svd,1
16,2025-08-10T21:45:37.924297,0.637874,0.682156,0.04428199999999993,0.3471050334594123,0.3038797284190107,0.04322530504040162,900,4,0.00041626691278622013,0.5887608944651198,0.3568805059308597,15.142178113821029,1.6754622673065664,13.039851043323493,5.197688215713851,0.4,42,100000,500,svd,1
17,2025-08-10T21:45:43.096548,0.686026,0.987204,0.30117799999999995,0.2931335466977015,0.01212415130940834,0.2810093953882931,900,8,0.004357402746158412,0.410364516473109,0.5138046551270603,18.436006908649667,2.281358941031667,9.992362442992519,15.702286053594461,0.4,42,100000,500,svd,1
18,2025-08-10T21:46:25.140505,0.648064,0.737264,0.08920000000000006,0.34070410241489674,0.2530552861299709,0.08764881628492582,1000,6,0.0005675340745421171,0.7318600041007384,0.3525584925168377,13.872765064935885,3.1511834632682474,7.370254721384288,10.656577035743856,0.4,42,100000,500,svd,1
19,2025-08-10T21:46:32.724700,0.68967,0.918283,0.22861299999999996,0.2953156822810591,0.07798254122211445,0.21733314105894463,800,4,0.00656641216739267,0.5732769828129456,0.4582074332198885,11.367951686460117,1.6370807273347778,14.405889703849335,15.685139460406393,0.4,42,100000,500,svd,1
20,2025-08-10T21:46:52.465447,0.686405,0.912147,0.225742,0.29807972068664534,0.08380213385063046,0.2142775868360149,800,4,0.009827674611457336,0.37038815578359874,0.6961361493811652,10.882711676888004,1.443667723493201,14.858623495813662,19.90764177574563,0.4,42,100000,500,svd,1
21,2025-08-10T21:47:05.973856,0.68642,0.863137,0.176717,0.29997090485888855,0.13103782735208536,0.1689330775068032,800,3,0.006077240056123302,0.5626747878990304,0.44779085902530374,8.997185223585472,2.1273155724142754,11.53098608520494,15.669918977053543,0.4,42,100000,500,svd,1
22,2025-08-10T21:47:28.307394,0.689524,0.932854,0.24332999999999994,0.2945883037532732,0.06401551891367604,0.23057278483959717,1000,4,0.005991732075463966,0.6636383120242649,0.298280007552701,11.376863151399096,1.5708076874974422,14.319356055252786,12.062889371164873,0.4,42,100000,500,svd,1
23,2025-08-10T21:47:50.784669,0.687765,0.916475,0.22871000000000008,0.2966249636310736,0.07972841901066925,0.21689654462040436,900,4,0.006441439106875715,0.7062929591857119,0.4103285195627213,8.178109340873311,1.4091607047113412,14.184863571377523,15.598115699732874,0.4,42,100000,500,svd,1
24,2025-08-10T21:48:10.845794,0.687945,0.922809,0.23486399999999996,0.2961885365144021,0.07371483996120272,0.22247369655319937,700,4,0.005830517509033727,0.6577052275943703,0.2858995506000682,11.186338283044488,1.4111060965997266,14.301510884543465,16.436693104110677,0.4,42,100000,500,svd,1
25,2025-08-10T21:48:37.779444,0.673843,0.820135,0.14629199999999998,0.3123363398312482,0.17255092143549952,0.13978541839574868,700,4,0.0033150636657013357,0.6598448836589252,0.2809906454124315,11.051374069159543,1.4834658428699166,15.278953597239285,19.191600129365007,0.4,42,100000,500,svd,1
26,2025-08-10T21:48:55.371463,0.674328,0.81793,0.143602,0.3117544370090195,0.17487875848690593,0.13687567852211358,800,4,0.0016944178209836955,0.7809432242868914,0.2545042765528573,14.057616042973615,2.694984128271329,16.21724533865311,16.467031434644646,0.4,42,100000,500,svd,1
27,2025-08-10T21:49:27.624245,0.683027,0.966149,0.283122,0.29895257491998833,0.03220174587778855,0.26675082904219977,700,6,0.006071922628272788,0.540987608206198,0.10119523610425188,16.999724637017856,2.231048793339032,13.217181639255893,14.407578469973583,0.4,42,100000,500,svd,1
28,2025-08-10T21:49:55.803556,0.673297,0.834504,0.161207,0.3132091940645912,0.1585838991270611,0.15462529493753008,500,5,0.0006743143235518529,0.470031299085665,0.3067550876579763,13.934885255489778,1.4435946362879684,15.573817150010713,9.438208111839183,0.4,42,100000,500,svd,1
29,2025-08-10T21:50:45.418295,0.682843,0.846947,0.16410400000000003,0.30302589467558916,0.14684772065955384,0.15617817401603531,600,4,0.0029359685125955365,0.6389335305084877,0.17160166447942493,11.20089000446021,1.0284771106718689,17.392629101367323,16.68899355619248,0.4,42,100000,500,svd,1
30,2025-08-10T21:51:13.821595,0.676178,0.797471,0.1212930000000001,0.3095723014256619,0.19427740058195928,0.11529490084370261,900,3,0.001982299669960017,0.4863170012366859,0.6470152122658048,11.632350536211632,1.2854978059791762,13.743383349314728,12.206679154273553,0.4,42,100000,500,svd,1
31,2025-08-10T21:51:43.545592,0.686671,0.912418,0.22574699999999992,0.2976432935699738,0.08360814742967992,0.2140351461402939,900,4,0.006077250473855715,0.7150987349345863,0.40320774925006064,7.558591426572771,1.3830949603467728,13.963606970632615,15.92772039336614,0.4,42,100000,500,svd,1
32,2025-08-10T21:52:05.309552,0.687102,0.919405,0.23230300000000004,0.29749781786441665,0.07691561590688652,0.22058220195753014,800,4,0.007065338602122948,0.6768475739391542,0.4881116266763409,8.286565064708018,1.6809373876356037,12.150180111702946,14.800736118909334,0.4,42,100000,500,svd,1
33,2025-08-10T21:52:25.338126,0.685483,0.916559,0.23107600000000006,0.2990980506255455,0.07963142580019399,0.2194666248253515,900,5,0.0034569460242071777,0.5682538299765629,0.31860799445462273,9.899422654418412,1.6040553030954934,15.745951289084013,14.411840163063207,0.4,42,100000,500,svd,1
34,2025-08-10T21:52:50.556761,0.678613,0.821211,0.142598,0.30782659295897585,0.17148399612027157,0.13634259683870428,700,3,0.005600613180572517,0.7618009945735941,0.22979987771175647,7.198167945349164,1.3259517047901614,14.448585903340511,12.51924412517,0.4,42,100000,500,svd,1
35,2025-08-10T21:53:08.973555,0.685248,0.877804,0.19255600000000006,0.30055280768111725,0.11687681862269642,0.18367598905842084,800,3,0.008126335709403226,0.7019044712031101,0.4341772369686411,10.085221824669263,1.8931346007954568,17.526753153847135,18.64527026548268,0.4,42,100000,500,svd,1
36,2025-08-10T21:53:32.239157,0.687718,0.921186,0.2334679999999999,0.2967704393366308,0.07516973811833172,0.22160070121829906,600,5,0.003668232776731861,0.5267791471426932,0.24932473332905733,7.194820203689089,4.414705414003754,12.235204987557616,15.347431769857607,0.4,42,100000,500,svd,1
37,2025-08-10T21:54:02.350104,0.686873,0.902089,0.21521600000000007,0.2988070992144312,0.09350145489815713,0.20530564431627407,800,4,0.0099075756394667,0.6498354892475948,0.52661907379431,13.420068632792855,1.194182985860627,13.82945120821012,17.266833595437635,0.4,42,100000,500,svd,1
38,2025-08-10T21:54:16.017596,0.683944,0.94805,0.26410599999999995,0.29793424498108817,0.04946653734238603,0.24846770763870213,900,6,0.0023009212299500647,0.12968212764206077,0.380032858891775,10.485762549935659,2.989067111096177,15.024980755312807,13.133041728681567,0.4,42,100000,500,svd,1
39,2025-08-10T21:54:50.279120,0.640854,0.702176,0.06132199999999999,0.34725050916496947,0.28690591658583897,0.060344592579130496,700,5,0.0002373506745394035,0.6153099271682358,0.32603669288150927,5.3417091919518525,2.428905151523602,16.936961249597914,18.027071388714972,0.4,42,100000,500,svd,1
40,2025-08-10T21:54:59.279706,0.659345,0.740076,0.080731,0.32732033750363687,0.24946653734238602,0.07785380016125085,500,3,0.00127522741131435,0.7410405551185708,0.17086876024095393,9.602855370079281,1.0058000471710136,13.237896139192895,13.892971545857254,0.4,42,100000,500,svd,1
41,2025-08-10T21:55:24.890887,0.683013,0.880441,0.19742800000000005,0.30215304044224617,0.11435499515033948,0.1877980452919067,600,5,0.004775795860224347,0.5180199190859037,0.24961460491993126,7.089718625669419,3.9501103307297787,12.1374268087353,15.086110592267845,0.4,42,100000,500,svd,1
42,2025-08-10T21:55:40.581381,0.680963,0.85188,0.17091699999999999,0.3054989816700611,0.1419980601357905,0.16350092153427062,400,4,0.0071887879464061135,0.5096717521584957,0.26040354591437964,6.675257555151239,4.662700646449394,16.07112443014165,15.920756577666925,0.4,42,100000,500,svd,1
43,2025-08-10T21:55:55.486017,0.680843,0.87073,0.18988700000000003,0.3054989816700611,0.12376333656644035,0.18173564510362078,500,5,0.00358447601969025,0.4374867880358998,0.22279261538223225,8.417893829412028,4.473103822260331,14.503244788543512,16.721488303477084,0.4,42,100000,500,svd,1
44,2025-08-10T21:56:16.577594,0.686882,0.885453,0.19857100000000005,0.29866162350887404,0.10950533462657613,0.1891562888822979,600,5,0.006692229685886599,0.5534421763504936,0.46737827793779096,7.983936485436069,3.9641946019635275,12.564401776966244,15.243762220077992,0.4,42,100000,500,svd,1
45,2025-08-10T21:56:28.769657,0.679654,0.809544,0.12989000000000006,0.3082630200756474,0.18331716779825413,0.12494585227739324,300,4,0.0050440396699752196,0.5843438701149427,0.37581206306353554,12.018929867655118,4.290860241006036,13.791876435842864,17.61270156284508,0.4,42,100000,500,svd,1
46,2025-08-10T21:56:45.393803,0.67266,0.781691,0.10903099999999999,0.3136456211812627,0.2096023278370514,0.10404329334421131,700,3,0.0027030843598843217,0.6299595981950612,0.1996311228032484,5.6883803403451685,3.4534360714086314,9.05513999170028,13.801065160142473,0.4,42,100000,500,svd,1
47,2025-08-10T21:57:06.967482,0.681361,0.858165,0.17680399999999996,0.30360779749781786,0.13549951503394764,0.16810828246387022,1000,4,0.003882499230773096,0.6931027607974906,0.1483980523471159,6.38473250827893,1.8048487826806792,11.639212023444667,11.534995475750446,0.4,42,100000,500,svd,1
48,2025-08-10T21:57:27.494332,0.687945,0.926896,0.23895100000000002,0.2961885365144021,0.06964112512124151,0.22654741139316056,600,5,0.0077428395805373244,0.6599596297549297,0.28716729643870553,12.956956136886436,2.0814960392540467,10.173783330733508,9.986559506652725,0.4,42,100000,500,svd,1
49,2025-08-10T21:57:40.929729,0.687412,0.981901,0.294489,0.29269711958102995,0.01716779825412221,0.2755293213269077,1000,6,0.007969304503538022,0.672383253491898,0.4183163313296131,12.87193471243203,2.0712358723943676,9.523505368801159,10.136814346375473,0.4,42,100000,500,svd,1
50,2025-08-10T21:58:02.020228,0.676155,0.836068,0.15991300000000008,0.3091358743089904,0.15693501454898157,0.15220085976000886,900,3,0.005054475660075565,0.7719593767691635,0.2898982500425704,11.596647729150769,1.5902729438426464,8.241386479273643,7.608516824149173,0.4,42,100000,500,svd,1
51,2025-08-10T21:58:22.281296,0.691402,0.984744,0.293342,0.2910968868199011,0.01445198836081474,0.27664489845908635,600,5,0.009940508120096602,0.6025646199072259,0.33144095875826285,14.531606841827779,1.5481218869076017,10.373636549458716,8.959191734317834,0.4,42,100000,500,svd,1
52,2025-08-10T21:58:43.898831,0.691284,0.964912,0.273628,0.29211521675880125,0.03336566440349176,0.2587495523553095,600,4,0.00924947719749705,0.6014475206968539,0.32351784189800814,14.819418470505346,1.1875390190328632,10.229510103282134,7.04612710669711,0.4,42,100000,500,svd,1
53,2025-08-10T21:59:06.531963,0.692338,0.962216,0.26987799999999995,0.29124236252545826,0.03588748787584869,0.2553548746496096,600,5,0.009661409133661694,0.5982556383671929,0.3301168428458615,14.622661678134886,1.2065960718139948,9.933907056099091,7.160653337049986,0.4,42,100000,500,svd,1
54,2025-08-10T21:59:21.476658,0.691932,0.970483,0.278551,0.29066045970322957,0.02803103782735208,0.2626294218758775,600,5,0.009879112048895893,0.5954094426092221,0.3306236100143229,14.828092287110481,1.1913809757561462,8.894500927244355,6.9138622767626305,0.4,42,100000,500,svd,1
55,2025-08-10T21:59:37.653499,0.687423,0.993436,0.306013,0.2919697410532441,0.00620756547041707,0.285762175582827,400,7,0.009840931468578428,0.6055571361077859,0.3247092967738073,14.802399430469213,1.176036814449558,8.588984764467963,6.722175319267039,0.4,42,100000,500,svd,1
56,2025-08-10T22:00:03.220556,0.688613,0.983709,0.2950959999999999,0.2934244981088158,0.01542192046556741,0.2780025776432484,500,6,0.009135205885739316,0.5835705461499293,0.3723322666435606,16.254806663586386,1.1859089470789312,7.617987186657071,6.136173666006543,0.4,42,100000,500,svd,1
57,2025-08-10T22:00:20.946401,0.691808,0.965273,0.27346500000000007,0.29211521675880125,0.03297769156159069,0.25913752519721056,500,5,0.00784056143029728,0.6204097416874017,0.329473360915653,14.68993051279039,1.8295412145859455,10.3437978757532,8.597590386445583,0.4,42,100000,500,svd,1
58,2025-08-10T22:00:40.944009,0.694835,0.960611,0.265776,0.2892057026476578,0.03743937924345296,0.25176632340420485,500,5,0.008297441871567545,0.557066688419849,0.3344919604339814,14.731407532183132,1.7605873907863392,10.339390170409093,8.475165935714745,0.4,42,100000,500,svd,1
59,2025-08-10T22:00:59.373378,0.690447,0.93815,0.247703,0.2947337794588304,0.05897187196896217,0.23576190748986822,300,6,0.008506711746434366,0.5401408314772316,0.340496817629465,17.25302228765327,1.8318868413995726,10.443581842557915,8.043881692334034,0.4,42,100000,500,svd,1
60,2025-08-10T22:01:13.937055,0.691445,0.963675,0.27222999999999997,0.2929880709921443,0.03452958292919495,0.25845848806294935,500,5,0.009919746259043684,0.6097476828634582,0.3350903990669391,14.587003482442183,1.1300185024915677,9.61251604971175,8.681585760944197,0.4,42,100000,500,svd,1
61,2025-08-10T22:01:30.073257,0.690582,0.973319,0.282737,0.2929880709921443,0.02531522793404462,0.2676728430580997,500,5,0.009983015702516225,0.602219929973005,0.3385388931303565,14.68303051397661,1.2674149709639593,11.226590173648772,8.647083047675537,0.4,42,100000,500,svd,1
62,2025-08-10T22:01:48.170405,0.692514,0.979534,0.28702000000000005,0.29066045970322957,0.01939864209505335,0.2712618176081762,500,5,0.007619056528493293,0.4997958156713893,0.36805023819380317,15.858015605653787,1.0076076813055677,9.615792029834282,6.782570709552649,0.4,42,100000,500,svd,1
63,2025-08-10T22:02:10.943376,0.689466,0.932876,0.24341000000000002,0.2951702065755019,0.06391852570320078,0.23125168087230114,400,5,0.0075377698170663214,0.4509344209508893,0.3671529640856045,15.863928202319514,1.0827115561446459,9.593010905404663,5.717473681334125,0.4,42,100000,500,svd,1
64,2025-08-10T22:02:25.919662,0.688467,0.972312,0.2838449999999999,0.29444282804771604,0.02628516003879728,0.26815766800891877,500,6,0.007285228304596637,0.4952591650502455,0.3085853385102925,15.686231798377774,1.7566170063294906,8.971836147197449,8.65602565213533,0.4,42,100000,500,svd,1
65,2025-08-10T22:02:45.954200,0.6847,0.914097,0.22939700000000007,0.2996799534477742,0.08195926285160039,0.21772069059617383,500,5,0.0044714517578646595,0.5515026040989567,0.39119463870582794,16.503203469992044,1.5048620972653237,6.89052113937557,7.246856302873023,0.4,42,100000,500,svd,1
66,2025-08-10T22:03:03.951679,0.691624,0.977713,0.28608900000000004,0.2909514111143439,0.02114451988360815,0.26980689123073576,400,6,0.00863021418923034,0.6348598444863195,0.3529071469176471,14.34858730208012,1.316825718699406,9.612429474083829,9.218848285442299,0.4,42,100000,500,svd,1
67,2025-08-10T22:03:25.334486,0.685967,0.948793,0.262826,0.29851614780331687,0.04878758486905917,0.24972856293425771,300,8,0.005409490807831373,0.6317560583252709,0.3561909388790129,15.346882498582668,1.3263320398869818,9.629752695046966,8.104345387366358,0.4,42,100000,500,svd,1
68,2025-08-10T22:03:45.250675,0.690314,0.971194,0.28088,0.29269711958102995,0.02735208535402522,0.26534503422700473,400,6,0.008296101272405303,0.27510110817483596,0.27478135704547435,13.558989842041841,1.0258115277832607,8.323985051260443,6.396794437668274,0.4,42,100000,500,svd,1
69,2025-08-10T22:04:02.621684,0.691323,0.966005,0.274682,0.2915333139365726,0.03229873908826382,0.2592345748483088,400,6,0.0068644592809716,0.5066936376960206,0.41788529375576705,18.110264951238214,1.3091823096433022,7.804627802399138,5.23017507039358,0.4,42,100000,500,svd,1
70,2025-08-10T22:04:21.116350,0.645839,0.711476,0.06563699999999995,0.33881291824265347,0.27526673132880697,0.0635461869138465,500,5,0.00019267149149790634,0.38180178539557463,0.38488239030798915,14.38708766277573,1.1127929667974124,10.764022990470375,7.458957339266078,0.4,42,100000,500,svd,1
71,2025-08-10T22:04:24.618102,0.690129,0.989447,0.299318,0.2897876054698865,0.00999030067895247,0.27979730479093406,600,7,0.008533941905944907,0.574154872039649,0.33464286426125106,15.220855572967766,1.5114840266160672,9.733306979313479,9.298134194297994,0.4,42,100000,500,svd,1
72,2025-08-10T22:04:46.839199,0.690889,0.970195,0.27930600000000005,0.2924061681699156,0.02832201745877789,0.2640841507111377,600,5,0.008680155120124104,0.6185191748200337,0.3057109800455658,14.326991888987498,1.6852708048766436,10.55211012612367,9.121675077619162,0.4,42,100000,500,svd,1
73,2025-08-10T22:05:06.406395,0.640884,0.701256,0.06037199999999998,0.34623217922606925,0.2871968962172648,0.05903528300880445,500,5,0.00010617705968063447,0.6367318019606667,0.357136477275468,13.526900095882297,1.407237941069269,11.416415225180275,8.263432770267567,0.4,42,100000,500,svd,1
74,2025-08-10T22:05:13.692749,0.688062,0.953751,0.26568900000000006,0.2966249636310736,0.0440349175557711,0.2525900460753025,400,6,0.0065259162718571875,0.5317470547199241,0.3478089605859173,16.796967414150085,1.9718945999580242,9.233576744445259,9.7302665341028,0.4,42,100000,500,svd,1
75,2025-08-10T22:05:32.717149,0.688649,0.969168,0.2805190000000001,0.2945883037532732,0.02929194956353055,0.2652963541897427,500,5,0.005752644129273525,0.5609264376515845,0.2716163442731913,17.356373367621824,1.5505639646329439,5.707409873651388,6.901164592250074,0.4,42,100000,500,svd,1
76,2025-08-10T22:05:59.106195,0.68966,0.958581,0.26892099999999997,0.29371544951993017,0.03937924345295829,0.2543362060669719,600,5,0.007782524211271677,0.46204705680674546,0.39420026764713656,15.592952554366283,1.250530394255225,8.693371061255617,8.556020781906374,0.4,42,100000,500,svd,1
77,2025-08-10T22:06:16.259561,0.684556,0.899526,0.21497,0.30171661332557465,0.09602327837051407,0.2056933349550606,300,5,0.009081894933485534,0.5923225156629258,0.3140868393160133,14.271743035023222,1.141595603047276,10.939304736317764,7.741586140071547,0.4,42,100000,500,svd,1
78,2025-08-10T22:06:28.661169,0.690774,0.983326,0.29255200000000003,0.2899330811754437,0.01580989330746848,0.27412318786797524,600,9,0.009944357188146747,0.646511590585554,0.33374112139566686,16.21549418175008,2.313289047004705,9.958350983767327,10.539577699939832,0.4,42,100000,500,svd,1
79,2025-08-10T22:06:48.722775,0.690838,0.974449,0.28361100000000006,0.2919697410532441,0.02424830261881668,0.2677214384344274,500,6,0.006686683793620125,0.6865685548214874,0.30382084712220164,14.920338563535793,1.3593170340312684,8.16039957556089,6.497511803273663,0.4,42,100000,500,svd,1
80,2025-08-10T22:07:10.060258,0.671987,0.838689,0.16670200000000002,0.31393657259237706,0.1545101842870999,0.15942638830527717,400,5,0.000648463474874276,0.7256761186165073,0.3591847551520687,13.78754569482525,1.003599064224692,9.378706657014087,5.724199280797695,0.4,42,100000,500,svd,1
81,2025-08-10T22:08:04.183098,0.692615,0.977188,0.28457299999999996,0.289351178353215,0.02162948593598448,0.26772169241723054,500,6,0.007359818804900771,0.4999808271518088,0.4246669246676009,14.610823040221948,1.2809293028364712,7.583579163702386,5.6244440091803565,0.4,42,100000,500,svd,1
82,2025-08-10T22:08:22.203951,0.692734,0.990875,0.298141,0.28716904276985744,0.00863239573229874,0.2785366470375587,500,7,0.007459268182757699,0.47420480303357637,0.43541385288293155,13.290750793959415,1.244286135763519,8.705311277920014,5.771280818209718,0.4,42,100000,500,svd,1
83,2025-08-10T22:08:45.015312,0.690179,0.994152,0.30397300000000005,0.28862379982542913,0.0055286129970902,0.28309518682833895,500,7,0.005383460602030997,0.4633234585077023,0.4237615560279222,12.65561307343976,1.1209525278608157,7.066814389642589,6.054472534029727,0.4,42,100000,500,svd,1
84,2025-08-10T22:09:22.401676,0.688065,0.969946,0.28188099999999994,0.2945883037532732,0.02851600387972842,0.2660722998735448,500,7,0.007377522589752808,0.47990985615137777,0.4452688562234206,13.286574138309263,1.2631808306827266,8.825843538833068,5.222971807723786,0.4,42,100000,500,svd,1
85,2025-08-10T22:09:38.584570,0.686087,0.979036,0.292949,0.2956066336921734,0.01988360814742968,0.2757230255447437,500,8,0.0061468920616138956,0.40682533850868074,0.40259982081703316,14.103078774673461,1.4562959876952557,7.810477441616076,5.796117339463262,0.4,42,100000,500,svd,1
86,2025-08-10T22:09:59.708689,0.689624,0.977184,0.28756000000000004,0.2924061681699156,0.02162948593598448,0.27077668223393114,500,6,0.008235822602536216,0.5205006768578686,0.4612513776244774,12.156476960780598,1.6653737019989143,19.86261890791468,7.318136901901376,0.4,42,100000,500,svd,1
87,2025-08-10T22:10:19.388971,0.690929,0.987505,0.29657599999999995,0.29007855688100087,0.01183317167798254,0.27824538520301834,400,7,0.004568876709414079,0.42021571544664865,0.48917465647196257,15.040738177832845,1.3688499354618568,6.376904595160418,6.581511804997346,0.4,42,100000,500,svd,1
88,2025-08-10T22:10:51.827192,0.676491,0.910258,0.23376700000000006,0.31029967995344776,0.08564500484966052,0.22465467510378723,100,6,0.007089268373043715,0.5017202626635912,0.37950474484245084,13.180092920490436,1.1093160821951722,11.81821160876364,5.502883753004513,0.4,42,100000,500,svd,1
89,2025-08-10T22:11:08.564734,0.689794,0.969353,0.279559,0.29211521675880125,0.02909796314258002,0.26301725361622125,600,6,0.0031012167743589138,0.5477240149498714,0.43322817240989026,13.745140862977317,2.625890540010935,6.334670819413597,8.302216926377314,0.4,42,100000,500,svd,1
90,2025-08-10T22:11:41.792079,0.686272,0.964783,0.27851099999999995,0.2966249636310736,0.03346265761396702,0.26316230601710655,400,7,0.00621788581349942,0.48640229406063595,0.4041887439458548,15.354232889967221,1.1882136079256171,9.242552045630484,7.794811432846325,0.4,42,100000,500,svd,1
91,2025-08-10T22:12:00.662304,0.686585,0.962444,0.27585899999999997,0.2966249636310736,0.03569350145489816,0.26093146217617547,600,5,0.009023257393092086,0.5749848688570469,0.3663495991957705,14.636166718548028,1.5726563583860649,9.827524300172048,8.971663067501401,0.4,42,100000,500,svd,1
92,2025-08-10T22:12:16.339962,0.694843,0.968967,0.27412400000000003,0.28818737270875766,0.02948593598448108,0.2587014367242766,600,5,0.00807388460154254,0.6171842834388237,0.346247800324958,14.487334551606045,1.4534633113605888,10.37743424425489,9.793785073461505,0.4,42,100000,500,svd,1
93,2025-08-10T22:12:36.181402,0.68966,0.976066,0.28640599999999994,0.29386092522548735,0.02269641125121242,0.27116451397427493,500,5,0.007823356649935068,0.6192360468927915,0.3500049967895142,14.119155471151693,1.2587508589515708,8.521636357714673,9.563768303036763,0.4,42,100000,500,svd,1
94,2025-08-10T22:12:59.636922,0.695097,0.975154,0.280057,0.2873145184754146,0.02356935014548982,0.2637451683299248,600,5,0.00556178353250608,0.5635517015265841,0.29465651555894085,15.509993186959967,1.457161565140586,8.047558328691794,6.920562038774711,0.4,42,100000,500,svd,1
95,2025-08-10T22:13:27.017826,0.684746,0.965496,0.28075000000000006,0.2966249636310736,0.03278370514064016,0.26384125849043344,700,6,0.004142979263668495,0.5591536932469499,0.26699741505258484,16.065727173472627,1.4586409117246586,7.302187163144481,6.167134623879887,0.4,42,100000,500,svd,1
96,2025-08-10T22:13:51.214917,0.690977,0.965207,0.2742300000000001,0.2924061681699156,0.03307468477206595,0.25933148339784967,600,5,0.005155910995394375,0.5320242083771699,0.290980808724729,15.54506025528591,1.799508124215413,8.01465173378004,6.997248083000288,0.4,42,100000,500,svd,1
97,2025-08-10T22:14:16.324856,0.6856,0.958273,0.27267300000000005,0.2960430608088449,0.03967022308438409,0.25637283772446084,700,5,0.005657200800231989,0.44425471400701666,0.23746538622956742,15.138897501914967,1.3932726827726756,10.664260818428776,7.23898205239842,0.4,42,100000,500,svd,1
98,2025-08-10T22:14:38.034910,0.676081,0.89524,0.219159,0.3086994471923189,0.09990300678952474,0.20879644040279416,600,6,0.0009553338712854657,0.585861446319646,0.47352122015918496,16.635998862862692,1.9054444436585676,10.158045261704396,5.061773886250032,0.4,42,100000,500,svd,1
99,2025-08-10T22:15:22.665845,0.686982,0.992514,0.305532,0.29138783823101544,0.00708050436469447,0.28430733386632095,700,8,0.006575836658393546,0.6479732034298631,0.31976546012235135,15.699353542324019,1.7487940178972767,7.447615573064747,6.266074889144477,0.4,42,100000,500,svd,1
100,2025-08-10T22:15:49.757761,0.690927,0.913721,0.22279400000000005,0.29429735234215887,0.08225024248302619,0.21204710985913267,600,4,0.007306169371334364,0.5175989921493516,0.3859960388527554,13.847597089981367,1.6165784969314863,11.171381169273184,6.840675981692053,0.4,42,100000,500,svd,1
101,2025-08-10T22:16:06.203765,0.688515,0.951171,0.262656,0.2956066336921734,0.04645974781765277,0.2491468858745206,500,5,0.00891823140224349,0.6162577076823856,0.34235478745992165,14.409514280339794,1.0964281537792215,9.060048492723736,8.389662231993892,0.4,42,100000,500,svd,1
